customer_id,policy_no,car_number,policy_type,idv_sum_insured,status,next_renewal,balance_amount
CUST-1001,POL-51541472,TN 77 2876,Private Car Package - Standard,350000,Active,8/17/2025,152141
CUST-1002,POL-51036885,AP 14 4076,Private Car Package - Zero Depreciation,350000,Active,2/2/2025,350000
CUST-1003,POL-35687050,PB 11 6600,Private Car Package - Zero Depreciation,1050000,Active,9/9/2026,1050000
CUST-1004,POL-58735357,WB 71 3009,Private Car Package - Zero Depreciation,750000,Active,7/13/2026,750000
CUST-1005,POL-50332875,MP 37 4554,Private Car Package - Zero Depreciation,550000,Flagged,6/13/2025,227448
CUST-1006,POL-21528855,RJ 79 8914,Private Car Package - Zero Depreciation,840000,Active,12/11/2025,775091
CUST-1007,POL-80611847,TN 83 2969,Private Car Package - Zero Depreciation,935000,Active,12/19/2025,935000
CUST-1008,POL-35889695,GJ 56 6916,Private Car Package - Standard,350000,Active,5/8/2025,309823
CUST-1009,POL-72502140,MP 03 1188,Private Car Package - Standard,600000,Active,9/26/2026,600000
CUST-1010,POL-50493450,GJ 25 9486,Private Car Package - Zero Depreciation,750000,Active,11/9/2026,679634
CUST-1011,POL-56182939,WB 31 9424,Private Car Package - Standard,350000,Active,1/25/2026,291279
CUST-1012,POL-94359633,KA 73 8850,Private Car Package - Zero Depreciation,840000,Active,12/30/2025,840000
CUST-1013,POL-49799864,KL 02 7076,Private Car Package - Zero Depreciation,600000,Active,9/16/2026,430642
CUST-1014,POL-84170314,MP 87 0233,Private Car Package - Zero Depreciation,1050000,Active,1/24/2026,1050000
CUST-1015,POL-47518180,KL 50 5007,Private Car Package - Zero Depreciation,750000,Active,2/27/2025,750000
CUST-1016,POL-62310548,GJ 07 3611,Private Car Package - Zero Depreciation,840000,Flagged,8/5/2025,677080
CUST-1017,POL-82106881,HR 92 7089,Private Car Package - Zero Depreciation,750000,Active,10/21/2026,698771
CUST-1018,POL-24096980,UP 78 8949,Private Car Package - Zero Depreciation,840000,Active,7/6/2026,683426
CUST-1019,POL-30752772,TS 11 0479,Private Car Package - Standard,550000,Active,2/13/2026,550000
CUST-1020,POL-97547023,RJ 38 0395,Private Car Package - Zero Depreciation,1050000,Active,2/18/2025,915590
CUST-1021,POL-30455713,GJ 96 4904,Private Car Package - Standard,750000,Active,9/3/2026,603422
CUST-1022,POL-93981160,RJ 20 2168,Private Car Package - Zero Depreciation,550000,Flagged,6/26/2026,331658
CUST-1023,POL-80568907,AP 39 5434,Private Car Package - Zero Depreciation,350000,Active,4/28/2025,350000
CUST-1024,POL-37208739,TN 76 3385,Private Car Package - Standard,600000,Active,4/25/2025,545579
CUST-1025,POL-34436075,PB 84 6413,Private Car Package - Zero Depreciation,1050000,Active,5/28/2026,953253
CUST-1026,POL-10713379,HR 33 8236,Private Car Package - Standard,350000,Active,10/17/2026,290385
CUST-1027,POL-73724955,KL 45 6969,Private Car Package - Zero Depreciation,1050000,Active,6/15/2025,1050000
CUST-1028,POL-68567431,UP 22 2444,Private Car Package - Zero Depreciation,350000,Active,1/20/2025,314421
CUST-1029,POL-09731607,TS 03 6529,Private Car Package - Zero Depreciation,840000,Flagged,8/4/2026,491334
CUST-1030,POL-78266984,WB 68 4697,Private Car Package - Standard,550000,Active,6/30/2026,550000
CUST-1031,POL-84079460,UP 99 6055,Private Car Package - Zero Depreciation,750000,Active,6/19/2025,660700
CUST-1032,POL-11373839,MH 97 5241,Private Car Package - Standard,550000,Active,7/25/2025,462308
CUST-1033,POL-41482380,PB 07 3504,Private Car Package - Standard,550000,Active,3/25/2026,475267
CUST-1034,POL-71007894,MP 12 9552,Private Car Package - Zero Depreciation,489999,Flagged,12/13/2025,307618
CUST-1035,POL-39540819,RJ 87 7439,Private Car Package - Zero Depreciation,750000,Active,3/14/2025,709641
CUST-1036,POL-65581649,RJ 27 6301,Private Car Package - Zero Depreciation,489999,Active,2/2/2025,489999
CUST-1037,POL-25882975,TN 07 7561,Private Car Package - Zero Depreciation,1050000,Active,5/13/2026,1050000
CUST-1038,POL-05831782,WB 72 1647,Private Car Package - Standard,750000,Active,8/14/2026,655286
CUST-1039,POL-05808899,PB 47 0100,Private Car Package - Standard,550000,Active,4/7/2025,488644
CUST-1040,POL-21863068,AP 87 6716,Private Car Package - Zero Depreciation,770000,Active,4/24/2026,722609
CUST-1041,POL-74157257,HR 88 4099,Private Car Package - Zero Depreciation,595000,Active,12/14/2025,595000
CUST-1042,POL-56256063,RJ 35 4612,Private Car Package - Zero Depreciation,1050000,Active,4/5/2026,1050000
CUST-1043,POL-01963011,KL 16 9788,Private Car Package - Zero Depreciation,1050000,Flagged,3/19/2025,84610
CUST-1044,POL-89263837,AP 07 1252,Private Car Package - Zero Depreciation,595000,Flagged,1/16/2025,476284
CUST-1045,POL-45167945,HR 35 5942,Private Car Package - Zero Depreciation,1050000,Active,5/8/2026,1050000
CUST-1046,POL-04976875,HR 25 9522,Private Car Package - Zero Depreciation,489999,Active,2/4/2026,439978
CUST-1047,POL-67396018,TN 57 3222,Private Car Package - Zero Depreciation,840000,Active,11/9/2026,770015
CUST-1048,POL-08906310,KL 57 0240,Private Car Package - Zero Depreciation,1050000,Active,8/11/2025,1050000
CUST-1049,POL-31310487,AP 80 2848,Private Car Package - Standard,350000,Active,2/21/2025,260527
CUST-1050,POL-36848233,GJ 74 7324,Private Car Package - Zero Depreciation,1275000,Active,3/24/2025,1025397
CUST-1051,POL-86076148,MP 69 1967,Private Car Package - Zero Depreciation,350000,Active,2/18/2026,306395
CUST-1052,POL-17359923,GJ 72 5293,Private Car Package - Zero Depreciation,750000,Active,2/10/2025,750000
CUST-1053,POL-51392167,MP 68 5293,Private Car Package - Zero Depreciation,550000,Active,8/2/2026,550000
CUST-1054,POL-70083142,WB 54 5449,Private Car Package - Zero Depreciation,840000,Active,11/18/2025,840000
CUST-1055,POL-16009733,AP 85 8849,Private Car Package - Zero Depreciation,935000,Active,4/14/2026,763340
CUST-1056,POL-64469835,MH 55 8138,Private Car Package - Zero Depreciation,489999,Active,4/13/2025,454850
CUST-1057,POL-61142632,WB 37 3528,Private Car Package - Zero Depreciation,1050000,Active,12/24/2025,733278
CUST-1058,POL-36640392,TN 92 3940,Private Car Package - Zero Depreciation,840000,Active,7/11/2026,706245
CUST-1059,POL-26272282,TN 77 0512,Private Car Package - Zero Depreciation,350000,Active,11/3/2025,299240
CUST-1060,POL-69181303,MP 44 6882,Private Car Package - Zero Depreciation,1050000,Active,7/21/2026,865940
CUST-1061,POL-40718969,PB 84 4643,Private Car Package - Zero Depreciation,600000,Active,7/28/2025,566331
CUST-1062,POL-45512509,MP 98 1661,Private Car Package - Zero Depreciation,840000,Active,2/22/2025,626953
CUST-1063,POL-43291310,HR 04 5408,Private Car Package - Standard,550000,Active,2/15/2025,550000
CUST-1064,POL-07791375,DL 69 9522,Private Car Package - Zero Depreciation,750000,Active,6/15/2025,634770
CUST-1065,POL-84661347,MH 21 6603,Private Car Package - Zero Depreciation,770000,Active,3/19/2025,614214
CUST-1066,POL-09844123,DL 98 8033,Private Car Package - Standard,350000,Active,8/20/2026,350000
CUST-1067,POL-15496682,WB 87 4869,Private Car Package - Zero Depreciation,935000,Active,1/9/2026,656375
CUST-1068,POL-56420463,RJ 89 1494,Private Car Package - Zero Depreciation,750000,Active,12/29/2025,620584
CUST-1069,POL-31467833,TN 73 3978,Private Car Package - Standard,550000,Active,6/8/2025,550000
CUST-1070,POL-48511122,DL 67 3307,Private Car Package - Standard,750000,Flagged,7/3/2025,519642
CUST-1071,POL-05849902,TN 22 7401,Private Car Package - Standard,550000,Flagged,10/1/2025,412234
CUST-1072,POL-55071155,WB 02 0084,Private Car Package - Zero Depreciation,489999,Active,2/9/2025,489999
CUST-1073,POL-32078324,MH 20 4275,Private Car Package - Standard,750000,Active,12/25/2025,652169
CUST-1074,POL-19357133,MP 04 8833,Private Car Package - Zero Depreciation,1275000,Active,2/13/2026,1180496
CUST-1075,POL-70996299,MH 53 8582,Private Car Package - Standard,350000,Active,12/26/2025,291452
CUST-1076,POL-99823193,HR 90 6506,Private Car Package - Zero Depreciation,550000,Active,12/6/2025,495655
CUST-1077,POL-18559704,AP 89 3498,Private Car Package - Zero Depreciation,840000,Flagged,2/9/2025,499180
CUST-1078,POL-21702215,PB 30 6437,Private Car Package - Zero Depreciation,770000,Active,11/18/2025,770000
CUST-1079,POL-11506327,TN 29 1405,Private Car Package - Zero Depreciation,489999,Active,7/14/2025,447566
CUST-1080,POL-21144370,TN 07 8665,Private Car Package - Zero Depreciation,935000,Flagged,11/18/2026,460334
CUST-1081,POL-67103791,RJ 56 9701,Private Car Package - Zero Depreciation,935000,Active,10/1/2026,819175
CUST-1082,POL-63746782,TN 22 4918,Private Car Package - Standard,350000,Active,11/4/2025,350000
CUST-1083,POL-59140566,RJ 22 0133,Private Car Package - Zero Depreciation,770000,Active,7/22/2026,728692
CUST-1084,POL-34191906,KL 83 6031,Private Car Package - Zero Depreciation,550000,Active,11/25/2026,444913
CUST-1085,POL-97550627,TN 96 6425,Private Car Package - Zero Depreciation,840000,Flagged,11/8/2025,363096
CUST-1086,POL-74163929,AP 89 7954,Private Car Package - Standard,550000,Flagged,11/2/2026,312918
CUST-1087,POL-09301405,TN 84 4308,Private Car Package - Zero Depreciation,770000,Active,6/8/2026,711924
CUST-1088,POL-94611098,TN 43 3303,Private Car Package - Zero Depreciation,489999,Flagged,12/10/2025,395072
CUST-1089,POL-14982515,WB 87 8740,Private Car Package - Zero Depreciation,840000,Active,5/31/2025,625381
CUST-1090,POL-00150244,HR 86 8426,Private Car Package - Standard,750000,Flagged,3/16/2025,467884
CUST-1091,POL-71487139,KA 72 9030,Private Car Package - Standard,750000,Flagged,5/22/2026,374318
CUST-1092,POL-39017832,UP 09 8442,Private Car Package - Zero Depreciation,750000,Flagged,4/20/2025,337124
CUST-1093,POL-78666257,TN 63 2150,Private Car Package - Zero Depreciation,1050000,Active,4/21/2026,982698
CUST-1094,POL-23850226,KL 46 9801,Private Car Package - Standard,750000,Active,4/13/2026,660121
CUST-1095,POL-75039481,UP 18 4857,Private Car Package - Standard,600000,Active,9/20/2026,516826
CUST-1096,POL-96153191,MH 33 7776,Private Car Package - Standard,550000,Active,7/16/2026,550000
CUST-1097,POL-86286922,TS 05 7402,Private Car Package - Zero Depreciation,770000,Active,9/11/2025,770000
CUST-1098,POL-62593646,HR 85 8082,Private Car Package - Zero Depreciation,550000,Active,3/27/2026,512018
CUST-1099,POL-49943327,MH 39 5772,Private Car Package - Zero Depreciation,1050000,Active,7/8/2026,748790
CUST-1100,POL-33499005,MP 18 8041,Private Car Package - Zero Depreciation,1050000,Active,6/6/2025,1050000
CUST-1101,POL-13491989,RJ 31 6074,Private Car Package - Zero Depreciation,489999,Active,12/5/2025,489999
CUST-1102,POL-34993587,MP 59 8555,Private Car Package - Zero Depreciation,935000,Active,2/3/2026,798851
CUST-1103,POL-41802377,AP 46 3840,Private Car Package - Standard,350000,Flagged,1/25/2026,172259
CUST-1104,POL-06199754,MH 38 4379,Private Car Package - Zero Depreciation,840000,Active,2/4/2026,840000
CUST-1105,POL-01634035,HR 12 1311,Private Car Package - Zero Depreciation,1050000,Active,3/23/2026,993508
CUST-1106,POL-84508605,MH 36 5448,Private Car Package - Zero Depreciation,770000,Flagged,6/19/2025,594454
CUST-1107,POL-01636995,MP 90 9283,Private Car Package - Standard,350000,Active,8/30/2026,350000
CUST-1108,POL-87431163,TN 43 3381,Private Car Package - Zero Depreciation,595000,Active,3/15/2026,595000
CUST-1109,POL-93379403,MH 06 0119,Private Car Package - Zero Depreciation,1275000,Active,12/2/2025,1040426
CUST-1110,POL-09361356,MH 31 1712,Private Car Package - Zero Depreciation,840000,Flagged,10/12/2025,555392
CUST-1111,POL-08232014,TS 86 2923,Private Car Package - Standard,600000,Active,4/27/2026,600000
CUST-1112,POL-85971255,MH 60 6663,Private Car Package - Standard,350000,Active,8/18/2025,331745
CUST-1113,POL-12884905,KL 49 2590,Private Car Package - Standard,350000,Active,9/11/2025,350000
CUST-1114,POL-60721076,HR 90 4589,Private Car Package - Zero Depreciation,1050000,Active,4/30/2026,1050000
CUST-1115,POL-22703442,KL 29 5233,Private Car Package - Zero Depreciation,1050000,Active,9/20/2025,1050000
CUST-1116,POL-06952784,WB 86 4161,Private Car Package - Zero Depreciation,750000,Active,6/17/2025,652988
CUST-1117,POL-77230596,DL 44 5061,Private Car Package - Standard,350000,Active,11/25/2026,323407
CUST-1118,POL-90433911,TN 60 2349,Private Car Package - Zero Depreciation,1275000,Active,4/15/2025,1093469
CUST-1119,POL-39629905,MH 65 2875,Private Car Package - Standard,350000,Active,2/12/2025,312833
CUST-1120,POL-85195124,HR 06 3873,Private Car Package - Zero Depreciation,550000,Active,6/3/2026,386316
CUST-1121,POL-44048811,KA 63 1760,Private Car Package - Standard,350000,Active,5/17/2026,350000
CUST-1122,POL-00437696,KL 15 8821,Private Car Package - Zero Depreciation,600000,Active,4/16/2026,600000
CUST-1123,POL-81774514,GJ 64 1678,Private Car Package - Zero Depreciation,770000,Active,10/29/2026,663843
CUST-1124,POL-82462451,DL 64 2104,Private Car Package - Zero Depreciation,770000,Active,10/2/2025,544401
CUST-1125,POL-89725588,MH 45 7673,Private Car Package - Zero Depreciation,489999,Active,9/7/2025,396302
CUST-1126,POL-53841593,RJ 45 5134,Private Car Package - Zero Depreciation,770000,Flagged,11/29/2025,630467
CUST-1127,POL-92087801,RJ 33 5084,Private Car Package - Zero Depreciation,1050000,Active,9/22/2025,1050000
CUST-1128,POL-03951966,KA 90 1505,Private Car Package - Zero Depreciation,840000,Active,6/14/2026,840000
CUST-1129,POL-69655856,DL 03 9643,Private Car Package - Standard,750000,Active,5/16/2026,750000
CUST-1130,POL-39974911,PB 46 7953,Private Car Package - Zero Depreciation,550000,Active,4/4/2026,496185
CUST-1131,POL-83481435,KA 19 7895,Private Car Package - Zero Depreciation,840000,Active,11/10/2025,695377
CUST-1132,POL-82771788,RJ 07 9044,Private Car Package - Zero Depreciation,840000,Active,6/28/2026,840000
CUST-1133,POL-18392693,RJ 92 3665,Private Car Package - Zero Depreciation,840000,Active,4/10/2026,840000
CUST-1134,POL-70474020,KA 83 1547,Private Car Package - Zero Depreciation,840000,Flagged,11/20/2025,410285
CUST-1135,POL-53444326,PB 06 4947,Private Car Package - Zero Depreciation,1050000,Active,5/11/2026,1050000
CUST-1136,POL-07448725,PB 86 4326,Private Car Package - Standard,600000,Active,7/18/2025,600000
CUST-1137,POL-21241128,WB 91 3353,Private Car Package - Zero Depreciation,840000,Flagged,7/1/2026,573378
CUST-1138,POL-76248591,MP 81 4755,Private Car Package - Standard,350000,Active,10/27/2025,283636
CUST-1139,POL-68549731,RJ 01 8871,Private Car Package - Zero Depreciation,935000,Active,8/11/2026,629851
CUST-1140,POL-99114137,TS 54 7989,Private Car Package - Zero Depreciation,770000,Active,7/8/2025,770000
CUST-1141,POL-09352219,AP 76 8579,Private Car Package - Zero Depreciation,935000,Flagged,2/15/2026,417959
CUST-1142,POL-61305864,PB 56 6310,Private Car Package - Zero Depreciation,489999,Active,11/8/2025,398954
CUST-1143,POL-28513383,RJ 55 3680,Private Car Package - Zero Depreciation,489999,Active,3/3/2026,489999
CUST-1144,POL-29538392,TN 65 2553,Private Car Package - Standard,750000,Active,4/7/2026,545977
CUST-1145,POL-24975872,DL 89 1787,Private Car Package - Zero Depreciation,770000,Active,3/3/2025,697635
CUST-1146,POL-20100862,KL 85 8693,Private Car Package - Zero Depreciation,750000,Active,11/8/2026,627858
CUST-1147,POL-01418585,TN 86 5533,Private Car Package - Zero Depreciation,1050000,Active,6/10/2025,789258
CUST-1148,POL-04335672,HR 56 9823,Private Car Package - Zero Depreciation,550000,Active,4/27/2026,550000
CUST-1149,POL-05985500,AP 69 0659,Private Car Package - Zero Depreciation,1050000,Active,4/10/2026,857687
CUST-1150,POL-75087534,TN 88 4771,Private Car Package - Standard,750000,Active,11/9/2026,696414
CUST-1151,POL-68733809,UP 59 1681,Private Car Package - Zero Depreciation,489999,Active,9/30/2025,428636
CUST-1152,POL-01836707,MH 28 8474,Private Car Package - Zero Depreciation,489999,Active,9/2/2026,405093
CUST-1153,POL-63696253,WB 67 6315,Private Car Package - Zero Depreciation,840000,Active,11/8/2025,787311
CUST-1154,POL-88121007,PB 73 9288,Private Car Package - Zero Depreciation,840000,Active,3/25/2026,551175
CUST-1155,POL-56755270,RJ 09 8821,Private Car Package - Standard,350000,Flagged,9/11/2026,284349
CUST-1156,POL-56970937,RJ 46 6072,Private Car Package - Zero Depreciation,489999,Active,8/25/2026,307766
CUST-1157,POL-26765896,DL 61 2826,Private Car Package - Zero Depreciation,600000,Active,6/29/2025,600000
CUST-1158,POL-88267732,HR 87 1156,Private Car Package - Standard,550000,Active,8/23/2026,483836
CUST-1159,POL-65102535,RJ 38 4829,Private Car Package - Standard,550000,Active,4/27/2026,550000
CUST-1160,POL-51708049,TS 57 7068,Private Car Package - Zero Depreciation,840000,Active,4/18/2025,840000
CUST-1161,POL-92220227,DL 96 5673,Private Car Package - Zero Depreciation,550000,Active,10/23/2025,550000
CUST-1162,POL-58514569,MP 44 2383,Private Car Package - Zero Depreciation,489999,Active,9/16/2025,299561
CUST-1163,POL-20635768,KL 60 5556,Private Car Package - Standard,550000,Active,11/5/2026,450841
CUST-1164,POL-22229721,DL 72 7687,Private Car Package - Zero Depreciation,935000,Active,6/15/2026,935000
CUST-1165,POL-28419839,KL 02 8472,Private Car Package - Zero Depreciation,550000,Active,7/28/2025,442485
CUST-1166,POL-95292216,PB 42 3276,Private Car Package - Standard,750000,Active,3/25/2026,750000
CUST-1167,POL-50383609,AP 54 4559,Private Car Package - Zero Depreciation,595000,Flagged,9/3/2025,357456
CUST-1168,POL-78707394,DL 56 7262,Private Car Package - Zero Depreciation,840000,Flagged,2/22/2026,542184
CUST-1169,POL-62943730,RJ 21 9248,Private Car Package - Zero Depreciation,489999,Flagged,10/26/2026,354547
CUST-1170,POL-48954273,DL 49 2360,Private Car Package - Zero Depreciation,840000,Flagged,3/2/2026,609150
CUST-1171,POL-49035415,RJ 52 0394,Private Car Package - Zero Depreciation,1050000,Active,5/29/2025,1050000
CUST-1172,POL-52975534,KL 88 2265,Private Car Package - Standard,750000,Active,3/1/2026,646839
CUST-1173,POL-83958494,WB 87 9838,Private Car Package - Standard,600000,Active,10/17/2025,600000
CUST-1174,POL-91172825,TS 63 6634,Private Car Package - Standard,550000,Flagged,7/6/2026,171448
CUST-1175,POL-99479565,MP 57 5329,Private Car Package - Zero Depreciation,840000,Active,1/22/2026,683224
CUST-1176,POL-40135315,WB 08 0220,Private Car Package - Standard,750000,Flagged,8/9/2026,180273
CUST-1177,POL-12030128,RJ 95 0683,Private Car Package - Zero Depreciation,935000,Active,1/26/2026,884553
CUST-1178,POL-34098422,GJ 38 6717,Private Car Package - Zero Depreciation,1050000,Flagged,5/10/2025,611774
CUST-1179,POL-73612337,AP 94 3041,Private Car Package - Standard,600000,Flagged,4/13/2025,383453
CUST-1180,POL-28575898,PB 73 3628,Private Car Package - Standard,350000,Active,11/2/2026,329541
CUST-1181,POL-78650917,MH 57 6146,Private Car Package - Standard,550000,Flagged,12/13/2025,22785
CUST-1182,POL-26133072,RJ 72 3201,Private Car Package - Zero Depreciation,550000,Active,11/22/2026,485331
CUST-1183,POL-94636210,UP 39 2389,Private Car Package - Zero Depreciation,600000,Active,5/15/2026,600000
CUST-1184,POL-40619033,RJ 57 4073,Private Car Package - Zero Depreciation,489999,Active,8/21/2025,342260
CUST-1185,POL-97466588,DL 53 1646,Private Car Package - Standard,550000,Active,3/31/2026,513132
CUST-1186,POL-31747927,UP 78 9111,Private Car Package - Standard,600000,Active,11/29/2025,446371
CUST-1187,POL-38815840,RJ 23 8125,Private Car Package - Zero Depreciation,840000,Active,9/8/2025,535084
CUST-1188,POL-02193595,UP 37 0725,Private Car Package - Zero Depreciation,1050000,Active,9/17/2026,992967
CUST-1189,POL-59411897,WB 56 9641,Private Car Package - Zero Depreciation,1050000,Flagged,5/27/2025,828065
CUST-1190,POL-94763778,TN 30 7674,Private Car Package - Zero Depreciation,840000,Active,11/14/2026,840000
CUST-1191,POL-72276215,WB 97 0252,Private Car Package - Zero Depreciation,600000,Active,3/17/2025,534699
CUST-1192,POL-96014825,GJ 88 3410,Private Car Package - Zero Depreciation,600000,Active,9/14/2025,447482
CUST-1193,POL-03631358,HR 72 2441,Private Car Package - Standard,750000,Active,4/20/2025,480969
CUST-1194,POL-52500580,WB 45 5160,Private Car Package - Zero Depreciation,600000,Active,1/23/2025,486608
CUST-1195,POL-21609148,UP 49 7042,Private Car Package - Zero Depreciation,1020000,Active,9/13/2026,898753
CUST-1196,POL-84437899,DL 01 9071,Private Car Package - Standard,600000,Active,9/14/2026,425988
CUST-1197,POL-32523899,PB 64 3595,Private Car Package - Zero Depreciation,750000,Active,11/26/2026,750000
CUST-1198,POL-38361026,MP 77 9386,Private Car Package - Zero Depreciation,750000,Active,10/5/2026,750000
CUST-1199,POL-42171461,WB 67 0021,Private Car Package - Standard,600000,Active,2/4/2025,600000
CUST-1200,POL-49138498,RJ 45 1897,Private Car Package - Zero Depreciation,1275000,Active,10/30/2025,1275000
CUST-1201,POL-43997625,KL 42 0034,Private Car Package - Zero Depreciation,1050000,Active,7/7/2026,1050000
CUST-1202,POL-72838143,HR 96 0498,Private Car Package - Standard,600000,Active,9/21/2025,600000
CUST-1203,POL-60419183,AP 78 1648,Private Car Package - Standard,600000,Active,3/19/2025,538890
CUST-1204,POL-92729394,WB 20 8221,Private Car Package - Standard,550000,Active,1/10/2026,466568
CUST-1205,POL-69097674,KA 32 3209,Private Car Package - Zero Depreciation,489999,Active,5/7/2025,489999
CUST-1206,POL-49029224,HR 38 2224,Private Car Package - Zero Depreciation,600000,Active,10/16/2026,600000
CUST-1207,POL-89132433,HR 01 8941,Private Car Package - Zero Depreciation,1050000,Active,9/27/2026,1050000
CUST-1208,POL-66044512,GJ 84 7704,Private Car Package - Zero Depreciation,750000,Active,10/13/2026,750000
CUST-1209,POL-96428155,RJ 03 4685,Private Car Package - Zero Depreciation,600000,Active,4/30/2025,600000
CUST-1210,POL-32602239,KA 56 1295,Private Car Package - Zero Depreciation,489999,Active,5/20/2026,489999
CUST-1211,POL-17014590,MP 43 9421,Private Car Package - Standard,750000,Active,5/19/2025,750000
CUST-1212,POL-18005876,TN 56 2240,Private Car Package - Zero Depreciation,600000,Active,3/6/2026,537216
CUST-1213,POL-69774217,TN 46 1094,Private Car Package - Zero Depreciation,550000,Active,9/23/2026,363098
CUST-1214,POL-58757527,HR 97 4748,Private Car Package - Zero Depreciation,350000,Active,3/31/2026,286638
CUST-1215,POL-38268057,AP 63 7862,Private Car Package - Zero Depreciation,1020000,Active,7/12/2026,926638
CUST-1216,POL-08493726,WB 94 3519,Private Car Package - Zero Depreciation,489999,Active,5/6/2025,410225
CUST-1217,POL-12256214,GJ 44 4081,Private Car Package - Zero Depreciation,750000,Active,1/22/2025,642947
CUST-1218,POL-92759232,MP 45 7249,Private Car Package - Standard,750000,Active,7/30/2025,628410
CUST-1219,POL-54770751,KL 70 3697,Private Car Package - Zero Depreciation,750000,Active,8/27/2025,750000
CUST-1220,POL-69304312,RJ 37 3003,Private Car Package - Zero Depreciation,489999,Active,5/29/2025,489999
CUST-1221,POL-75128691,GJ 90 2332,Private Car Package - Standard,600000,Flagged,11/8/2026,481064
CUST-1222,POL-39838428,UP 21 4969,Private Car Package - Zero Depreciation,489999,Active,8/26/2026,447678
CUST-1223,POL-93752220,TN 43 6854,Private Car Package - Zero Depreciation,1050000,Active,5/10/2025,1050000
CUST-1224,POL-81810041,MP 72 1181,Private Car Package - Standard,350000,Active,4/5/2026,315591
CUST-1225,POL-45998045,RJ 15 6856,Private Car Package - Zero Depreciation,489999,Active,8/15/2025,489999
CUST-1226,POL-68042551,AP 79 7776,Private Car Package - Zero Depreciation,840000,Active,3/4/2025,685794
CUST-1227,POL-23151729,TS 50 3167,Private Car Package - Zero Depreciation,550000,Flagged,3/31/2026,445988
CUST-1228,POL-90066451,HR 38 5642,Private Car Package - Zero Depreciation,600000,Active,5/10/2025,462302
CUST-1229,POL-70925814,HR 95 4283,Private Car Package - Zero Depreciation,840000,Active,9/4/2026,840000
CUST-1230,POL-20052386,HR 01 8128,Private Car Package - Zero Depreciation,770000,Active,3/17/2026,770000
CUST-1231,POL-54382071,GJ 78 4453,Private Car Package - Standard,350000,Active,8/9/2025,302535
CUST-1232,POL-06464830,RJ 07 5770,Private Car Package - Zero Depreciation,1050000,Active,2/13/2026,870274
CUST-1233,POL-99901349,MP 45 7438,Private Car Package - Zero Depreciation,840000,Active,11/13/2026,840000
CUST-1234,POL-40201607,TN 27 7257,Private Car Package - Zero Depreciation,750000,Active,5/1/2026,750000
CUST-1235,POL-08342847,DL 47 7953,Private Car Package - Zero Depreciation,595000,Active,4/9/2025,595000
CUST-1236,POL-83701475,TN 58 2376,Private Car Package - Zero Depreciation,1050000,Active,8/24/2026,1050000
CUST-1237,POL-60630119,PB 15 4489,Private Car Package - Zero Depreciation,600000,Active,2/25/2026,600000
CUST-1238,POL-97200223,WB 94 5196,Private Car Package - Standard,550000,Active,2/22/2025,550000
CUST-1239,POL-84341341,WB 35 6905,Private Car Package - Zero Depreciation,840000,Active,8/15/2026,840000
CUST-1240,POL-20788415,PB 84 9513,Private Car Package - Zero Depreciation,750000,Active,4/21/2025,653493
CUST-1241,POL-75184311,MH 50 8816,Private Car Package - Zero Depreciation,1020000,Active,8/11/2026,796257
CUST-1242,POL-67866956,KL 38 6569,Private Car Package - Zero Depreciation,350000,Flagged,1/30/2025,270586
CUST-1243,POL-31146783,MH 93 2318,Private Car Package - Standard,600000,Flagged,1/7/2025,434406
CUST-1244,POL-08473447,TS 25 7829,Private Car Package - Zero Depreciation,935000,Active,4/4/2025,842854
CUST-1245,POL-55542295,UP 38 5396,Private Car Package - Zero Depreciation,1050000,Active,12/16/2025,959321
CUST-1246,POL-57460216,KL 87 1627,Private Car Package - Standard,600000,Active,8/5/2026,600000
CUST-1247,POL-26063267,PB 46 4659,Private Car Package - Zero Depreciation,489999,Active,2/20/2025,422779
CUST-1248,POL-78630932,HR 84 3146,Private Car Package - Zero Depreciation,840000,Active,3/11/2026,840000
CUST-1249,POL-33549945,RJ 30 9401,Private Car Package - Zero Depreciation,770000,Active,6/9/2026,725515
CUST-1250,POL-60156253,PB 39 7997,Private Car Package - Zero Depreciation,935000,Active,5/14/2026,879362
CUST-1251,POL-68172700,MP 39 9123,Private Car Package - Zero Depreciation,1020000,Active,9/6/2026,840080
CUST-1252,POL-74636784,UP 50 2187,Private Car Package - Zero Depreciation,1050000,Flagged,5/21/2025,697906
CUST-1253,POL-43718207,KL 68 6291,Private Car Package - Zero Depreciation,840000,Active,5/25/2026,512814
CUST-1254,POL-46414375,KA 30 4523,Private Car Package - Zero Depreciation,1275000,Active,6/30/2026,1275000
CUST-1255,POL-62030055,DL 62 7277,Private Car Package - Zero Depreciation,1020000,Active,3/23/2026,897653
CUST-1256,POL-16714105,TS 99 3500,Private Car Package - Standard,350000,Flagged,3/16/2026,172246
CUST-1257,POL-48746410,HR 58 1143,Private Car Package - Zero Depreciation,770000,Active,2/19/2026,770000
CUST-1258,POL-80675360,KL 44 6086,Private Car Package - Standard,750000,Active,9/25/2026,750000
CUST-1259,POL-44981865,MP 64 2322,Private Car Package - Zero Depreciation,1020000,Active,4/19/2025,1020000
CUST-1260,POL-26230650,DL 87 2209,Private Car Package - Zero Depreciation,770000,Active,11/14/2025,610111
CUST-1261,POL-80709384,TN 91 3213,Private Car Package - Zero Depreciation,1050000,Active,3/20/2025,806673
CUST-1262,POL-39665884,MH 68 6581,Private Car Package - Zero Depreciation,489999,Active,12/24/2025,443348
CUST-1263,POL-39524644,AP 28 8722,Private Car Package - Zero Depreciation,1050000,Active,9/20/2025,661635
CUST-1264,POL-42068443,HR 29 1201,Private Car Package - Standard,750000,Active,7/1/2025,610522
CUST-1265,POL-70961225,WB 95 3422,Private Car Package - Zero Depreciation,770000,Active,8/17/2026,622950
CUST-1266,POL-88160646,KL 50 5130,Private Car Package - Standard,600000,Active,6/4/2025,557466
CUST-1267,POL-19571298,DL 33 7783,Private Car Package - Zero Depreciation,770000,Active,10/9/2025,486511
CUST-1268,POL-24137045,MP 95 9756,Private Car Package - Zero Depreciation,840000,Active,4/18/2026,758724
CUST-1269,POL-91502000,KA 44 9503,Private Car Package - Zero Depreciation,489999,Active,10/21/2025,489999
CUST-1270,POL-14945759,HR 97 6686,Private Car Package - Zero Depreciation,350000,Active,1/29/2026,302581
CUST-1271,POL-51106553,GJ 30 9741,Private Car Package - Zero Depreciation,489999,Active,10/30/2026,320275
CUST-1272,POL-90133779,TS 27 5566,Private Car Package - Zero Depreciation,770000,Active,3/5/2025,770000
CUST-1273,POL-12457662,GJ 91 8199,Private Car Package - Standard,600000,Active,6/1/2026,534245
CUST-1274,POL-48768782,AP 40 6546,Private Car Package - Zero Depreciation,489999,Active,3/26/2026,448650
CUST-1275,POL-56333039,DL 89 0118,Private Car Package - Zero Depreciation,1050000,Flagged,2/1/2026,636063
CUST-1276,POL-58558214,UP 81 2725,Private Car Package - Standard,350000,Active,10/25/2026,350000
CUST-1277,POL-58508505,HR 38 6176,Private Car Package - Zero Depreciation,1020000,Active,10/18/2025,830008
CUST-1278,POL-54504708,HR 05 4806,Private Car Package - Zero Depreciation,1050000,Active,11/11/2026,924735
CUST-1279,POL-39728691,HR 26 8626,Private Car Package - Standard,600000,Active,5/13/2025,517240
CUST-1280,POL-78411931,HR 32 9346,Private Car Package - Zero Depreciation,840000,Active,5/11/2025,536225
CUST-1281,POL-58584588,TS 98 1732,Private Car Package - Zero Depreciation,350000,Flagged,6/5/2026,247967
CUST-1282,POL-11005455,KL 56 1530,Private Car Package - Zero Depreciation,840000,Active,12/16/2025,570417
CUST-1283,POL-51735863,TN 21 8468,Private Car Package - Zero Depreciation,1050000,Flagged,6/8/2025,427163
CUST-1284,POL-79858361,MP 61 2518,Private Car Package - Zero Depreciation,489999,Active,6/24/2026,397818
CUST-1285,POL-56413142,MP 80 9859,Private Car Package - Standard,600000,Active,5/15/2025,468180
CUST-1286,POL-45494800,MH 45 2736,Private Car Package - Zero Depreciation,1050000,Active,10/2/2026,1050000
CUST-1287,POL-48459196,AP 59 8020,Private Car Package - Zero Depreciation,489999,Active,3/31/2026,465159
CUST-1288,POL-31850193,HR 60 2940,Private Car Package - Zero Depreciation,770000,Active,11/13/2025,669431
CUST-1289,POL-99081924,MP 77 5177,Private Car Package - Zero Depreciation,600000,Active,3/28/2026,407250
CUST-1290,POL-91565659,MH 98 8732,Private Car Package - Zero Depreciation,770000,Active,6/15/2025,679244
CUST-1291,POL-00229001,HR 09 7394,Private Car Package - Standard,750000,Active,2/23/2025,750000
CUST-1292,POL-03167461,KA 45 4213,Private Car Package - Zero Depreciation,840000,Active,4/16/2025,840000
CUST-1293,POL-55287507,PB 86 6870,Private Car Package - Zero Depreciation,489999,Active,10/7/2025,398259
CUST-1294,POL-96072343,TS 59 6412,Private Car Package - Standard,750000,Active,8/16/2025,641371
CUST-1295,POL-31302012,MP 55 7247,Private Car Package - Zero Depreciation,489999,Active,2/10/2026,489999
CUST-1296,POL-55236182,TS 70 3808,Private Car Package - Zero Depreciation,1050000,Active,1/19/2026,846132
CUST-1297,POL-85422106,DL 26 6270,Private Car Package - Standard,600000,Active,10/28/2026,600000
CUST-1298,POL-55177157,MH 04 9596,Private Car Package - Zero Depreciation,1275000,Active,5/23/2025,1020598
CUST-1299,POL-63894139,MH 66 9368,Private Car Package - Zero Depreciation,550000,Active,1/20/2025,516967
CUST-1300,POL-79989658,AP 20 2385,Private Car Package - Zero Depreciation,1050000,Active,6/25/2026,856057
CUST-1301,POL-46283912,WB 19 3803,Private Car Package - Zero Depreciation,840000,Active,5/5/2025,840000
CUST-1302,POL-27730412,UP 78 7829,Private Car Package - Zero Depreciation,550000,Active,9/30/2026,550000
CUST-1303,POL-43864191,KA 60 1642,Private Car Package - Standard,350000,Active,5/27/2026,350000
CUST-1304,POL-36252209,KL 88 2011,Private Car Package - Zero Depreciation,350000,Active,9/5/2025,329051
CUST-1305,POL-68358186,TN 21 5701,Private Car Package - Zero Depreciation,840000,Active,12/28/2025,644928
CUST-1306,POL-35806511,GJ 62 6213,Private Car Package - Zero Depreciation,770000,Active,6/21/2026,713570
CUST-1307,POL-21543162,MH 82 9174,Private Car Package - Zero Depreciation,489999,Active,4/27/2026,489999
CUST-1308,POL-24598710,PB 37 1959,Private Car Package - Standard,550000,Flagged,1/17/2025,308111
CUST-1309,POL-83424781,KA 77 4731,Private Car Package - Zero Depreciation,840000,Active,8/19/2026,778325
CUST-1310,POL-21371621,KL 53 0831,Private Car Package - Zero Depreciation,1275000,Active,12/13/2025,1062596
CUST-1311,POL-58772499,WB 95 3160,Private Car Package - Standard,550000,Active,5/6/2026,550000
CUST-1312,POL-98872323,GJ 47 1859,Private Car Package - Zero Depreciation,1275000,Active,2/7/2025,1191340
CUST-1313,POL-86868939,TN 32 0303,Private Car Package - Standard,350000,Active,11/20/2025,298231
CUST-1314,POL-59195661,RJ 52 5900,Private Car Package - Standard,550000,Active,7/11/2026,550000
CUST-1315,POL-91045966,KL 60 7744,Private Car Package - Standard,350000,Active,7/15/2025,350000
CUST-1316,POL-92220486,UP 30 8988,Private Car Package - Standard,350000,Active,12/6/2025,350000
CUST-1317,POL-58997780,RJ 26 6853,Private Car Package - Zero Depreciation,840000,Flagged,3/27/2026,461464
CUST-1318,POL-94824956,UP 63 7415,Private Car Package - Zero Depreciation,1050000,Active,5/25/2026,1050000
CUST-1319,POL-21076501,DL 09 3769,Private Car Package - Standard,600000,Active,3/11/2026,600000
CUST-1320,POL-54036905,WB 91 0469,Private Car Package - Zero Depreciation,1050000,Active,4/16/2025,984033
CUST-1321,POL-43445128,AP 68 9059,Private Car Package - Zero Depreciation,840000,Active,9/10/2026,840000
CUST-1322,POL-80894857,MP 94 9854,Private Car Package - Zero Depreciation,750000,Active,12/26/2025,750000
CUST-1323,POL-21681992,UP 31 7336,Private Car Package - Zero Depreciation,600000,Active,3/22/2026,600000
CUST-1324,POL-29355200,PB 32 7207,Private Car Package - Zero Depreciation,595000,Active,1/8/2026,485580
CUST-1325,POL-44629109,TN 85 2397,Private Car Package - Standard,750000,Active,9/15/2026,683315
CUST-1326,POL-67820892,TS 79 6870,Private Car Package - Zero Depreciation,595000,Active,10/23/2026,541326
CUST-1327,POL-32475116,MH 54 8486,Private Car Package - Standard,550000,Active,9/12/2026,476957
CUST-1328,POL-73331588,KL 96 9774,Private Car Package - Standard,550000,Active,3/31/2026,444253
CUST-1329,POL-51970233,WB 78 9671,Private Car Package - Zero Depreciation,1050000,Active,11/18/2025,860717
CUST-1330,POL-57133986,WB 60 7993,Private Car Package - Standard,750000,Flagged,7/10/2025,629917
CUST-1331,POL-82088013,MH 68 1488,Private Car Package - Standard,550000,Active,5/1/2025,550000
CUST-1332,POL-66664674,RJ 96 5193,Private Car Package - Zero Depreciation,770000,Active,10/20/2025,660809
CUST-1333,POL-99680439,UP 52 2717,Private Car Package - Zero Depreciation,1275000,Flagged,4/8/2026,927514
CUST-1334,POL-03861588,WB 56 1661,Private Car Package - Standard,350000,Active,11/24/2025,350000
CUST-1335,POL-20221290,KL 29 6447,Private Car Package - Zero Depreciation,489999,Active,11/4/2025,423126
CUST-1336,POL-18143707,UP 53 5328,Private Car Package - Standard,750000,Active,6/5/2026,750000
CUST-1337,POL-19991281,AP 17 8291,Private Car Package - Standard,750000,Active,5/21/2026,628556
CUST-1338,POL-48261909,KL 12 0530,Private Car Package - Zero Depreciation,840000,Active,7/19/2026,840000
CUST-1339,POL-08336409,GJ 58 0108,Private Car Package - Zero Depreciation,595000,Active,2/12/2026,595000
CUST-1340,POL-00957280,PB 81 1729,Private Car Package - Standard,550000,Flagged,3/17/2025,302904
CUST-1341,POL-67456293,WB 44 2297,Private Car Package - Zero Depreciation,489999,Active,11/28/2026,489999
CUST-1342,POL-49266804,PB 10 4648,Private Car Package - Standard,750000,Active,10/18/2026,558244
CUST-1343,POL-65384573,TN 54 5062,Private Car Package - Zero Depreciation,1050000,Active,2/26/2025,1050000
CUST-1344,POL-27498256,DL 11 4086,Private Car Package - Zero Depreciation,1050000,Active,6/15/2025,1050000
CUST-1345,POL-50240848,TN 47 5958,Private Car Package - Standard,600000,Active,10/18/2025,515717
CUST-1346,POL-85478385,KL 75 1148,Private Car Package - Zero Depreciation,750000,Active,7/19/2026,750000
CUST-1347,POL-84002874,PB 73 3023,Private Car Package - Zero Depreciation,600000,Active,5/30/2026,537990
CUST-1348,POL-01829985,MP 94 8501,Private Car Package - Zero Depreciation,1050000,Active,9/12/2026,908292
CUST-1349,POL-46160728,GJ 33 4831,Private Car Package - Standard,350000,Active,3/25/2025,238080
CUST-1350,POL-18144703,WB 22 9012,Private Car Package - Zero Depreciation,600000,Active,8/9/2026,600000
CUST-1351,POL-09687920,AP 25 9619,Private Car Package - Zero Depreciation,489999,Active,10/5/2026,489999
CUST-1352,POL-37215684,KL 46 5461,Private Car Package - Zero Depreciation,840000,Active,2/20/2026,840000
CUST-1353,POL-49675573,TS 58 4846,Private Car Package - Zero Depreciation,350000,Active,3/27/2026,306441
CUST-1354,POL-37950197,KA 02 6673,Private Car Package - Zero Depreciation,770000,Active,5/28/2025,642460
CUST-1355,POL-65448412,MH 96 9273,Private Car Package - Standard,600000,Active,5/14/2025,600000
CUST-1356,POL-89436293,RJ 32 7687,Private Car Package - Zero Depreciation,489999,Active,4/23/2026,489999
CUST-1357,POL-97885369,TS 16 9428,Private Car Package - Zero Depreciation,770000,Active,2/21/2025,592555
CUST-1358,POL-90360524,WB 23 6420,Private Car Package - Zero Depreciation,770000,Active,6/13/2025,770000
CUST-1359,POL-40028328,TS 09 9657,Private Car Package - Zero Depreciation,840000,Flagged,5/26/2026,490893
CUST-1360,POL-37281889,TN 75 5644,Private Car Package - Standard,550000,Active,1/24/2025,446822
CUST-1361,POL-82573974,KA 91 5706,Private Car Package - Standard,550000,Active,8/9/2025,550000
CUST-1362,POL-90071779,AP 21 2898,Private Car Package - Zero Depreciation,595000,Active,9/4/2026,438771
CUST-1363,POL-10394340,AP 80 7661,Private Car Package - Zero Depreciation,770000,Flagged,4/21/2025,223672
CUST-1364,POL-21078895,WB 17 1230,Private Car Package - Standard,600000,Active,2/17/2026,600000
CUST-1365,POL-11481708,TS 11 3640,Private Car Package - Zero Depreciation,935000,Active,7/19/2025,749730
CUST-1366,POL-82344339,PB 77 7011,Private Car Package - Zero Depreciation,1020000,Active,4/7/2026,861047
CUST-1367,POL-65506367,TS 53 7801,Private Car Package - Standard,600000,Active,11/28/2026,518885
CUST-1368,POL-43118373,UP 77 1106,Private Car Package - Standard,750000,Active,1/18/2026,634041
CUST-1369,POL-71737555,TN 13 7954,Private Car Package - Standard,600000,Active,7/23/2025,600000
CUST-1370,POL-71438416,GJ 49 4024,Private Car Package - Zero Depreciation,770000,Flagged,2/9/2025,393220
CUST-1371,POL-69733575,UP 31 8188,Private Car Package - Zero Depreciation,770000,Active,9/13/2026,662631
CUST-1372,POL-09996647,TN 77 4580,Private Car Package - Standard,600000,Active,11/23/2025,600000
CUST-1373,POL-80285192,RJ 73 2969,Private Car Package - Zero Depreciation,600000,Active,6/4/2026,600000
CUST-1374,POL-98218228,HR 21 7696,Private Car Package - Zero Depreciation,550000,Active,11/3/2025,550000
CUST-1375,POL-29926532,MH 14 1446,Private Car Package - Zero Depreciation,840000,Active,3/3/2026,706680
CUST-1376,POL-83236517,GJ 13 8399,Private Car Package - Zero Depreciation,350000,Active,9/29/2025,350000
CUST-1377,POL-01894938,MH 14 2261,Private Car Package - Standard,750000,Active,5/7/2026,623544
CUST-1378,POL-29705949,AP 99 8970,Private Car Package - Zero Depreciation,770000,Active,2/2/2025,629170
CUST-1379,POL-53134690,DL 89 4483,Private Car Package - Zero Depreciation,489999,Active,11/18/2025,463706
CUST-1380,POL-59207275,PB 73 6511,Private Car Package - Zero Depreciation,550000,Active,5/29/2026,450338
CUST-1381,POL-42501558,PB 65 6279,Private Car Package - Standard,550000,Flagged,5/22/2025,186828
CUST-1382,POL-12261304,KA 30 7204,Private Car Package - Standard,600000,Active,6/23/2026,513525
CUST-1383,POL-91771762,KL 93 3544,Private Car Package - Zero Depreciation,1050000,Flagged,12/17/2025,693409
CUST-1384,POL-61302139,MP 21 6189,Private Car Package - Zero Depreciation,600000,Active,9/10/2025,560058
CUST-1385,POL-29762644,PB 32 1682,Private Car Package - Zero Depreciation,840000,Active,10/23/2025,760666
CUST-1386,POL-91138874,DL 79 4874,Private Car Package - Zero Depreciation,770000,Active,12/24/2025,770000
CUST-1387,POL-97367435,WB 87 1276,Private Car Package - Zero Depreciation,1020000,Active,11/24/2026,1020000
CUST-1388,POL-57132126,RJ 78 7073,Private Car Package - Standard,550000,Active,5/30/2025,550000
CUST-1389,POL-84625353,PB 68 5535,Private Car Package - Standard,600000,Active,12/21/2025,417664
CUST-1390,POL-32050173,UP 53 3913,Private Car Package - Standard,600000,Active,8/8/2025,600000
CUST-1391,POL-59533369,UP 40 9909,Private Car Package - Standard,600000,Active,5/21/2025,464836
CUST-1392,POL-55678473,KA 11 5642,Private Car Package - Zero Depreciation,1050000,Flagged,8/20/2025,813577
CUST-1393,POL-71174362,RJ 61 5205,Private Car Package - Zero Depreciation,595000,Active,4/29/2026,481112
CUST-1394,POL-85614503,KL 38 6923,Private Car Package - Zero Depreciation,1275000,Active,6/11/2025,1059269
CUST-1395,POL-44497543,AP 43 7150,Private Car Package - Zero Depreciation,770000,Active,7/24/2025,770000
CUST-1396,POL-85644673,AP 27 1529,Private Car Package - Zero Depreciation,840000,Active,3/2/2025,840000
CUST-1397,POL-55347215,RJ 02 3739,Private Car Package - Zero Depreciation,1050000,Active,2/8/2025,1050000
CUST-1398,POL-79237090,KL 91 0740,Private Car Package - Standard,750000,Active,2/11/2026,705993
CUST-1399,POL-11068478,KL 76 4836,Private Car Package - Standard,600000,Flagged,11/2/2025,337353
CUST-1400,POL-47002650,KA 99 2952,Private Car Package - Standard,350000,Active,10/19/2025,229338
CUST-1401,POL-63254642,GJ 26 1088,Private Car Package - Standard,550000,Active,5/18/2025,550000
CUST-1402,POL-61262318,TN 57 4897,Private Car Package - Zero Depreciation,840000,Active,4/26/2025,840000
CUST-1403,POL-95183150,PB 46 8604,Private Car Package - Zero Depreciation,550000,Active,1/15/2025,479905
CUST-1404,POL-80152365,MH 12 4157,Private Car Package - Zero Depreciation,840000,Active,6/29/2025,781682
CUST-1405,POL-03720584,MP 44 7289,Private Car Package - Standard,550000,Flagged,12/2/2025,376618
CUST-1406,POL-29703636,DL 66 7577,Private Car Package - Zero Depreciation,489999,Active,5/4/2026,446408
CUST-1407,POL-71654233,GJ 91 5347,Private Car Package - Zero Depreciation,489999,Active,4/3/2026,408633
CUST-1408,POL-96753745,GJ 76 6267,Private Car Package - Zero Depreciation,840000,Active,1/12/2025,690748
CUST-1409,POL-63805573,KL 24 1042,Private Car Package - Zero Depreciation,600000,Active,11/15/2026,516684
CUST-1410,POL-60239430,WB 11 1885,Private Car Package - Zero Depreciation,840000,Active,11/15/2025,712570
CUST-1411,POL-88793155,MH 10 9746,Private Car Package - Zero Depreciation,840000,Active,8/13/2025,687293
CUST-1412,POL-06939391,DL 29 5004,Private Car Package - Zero Depreciation,1050000,Flagged,1/18/2026,312682
CUST-1413,POL-93293680,RJ 50 5922,Private Car Package - Standard,550000,Active,9/11/2025,370802
CUST-1414,POL-33566667,RJ 43 4662,Private Car Package - Zero Depreciation,489999,Active,6/25/2026,489999
CUST-1415,POL-41782334,AP 64 0654,Private Car Package - Standard,350000,Active,3/5/2025,228290
CUST-1416,POL-51530180,MH 67 9564,Private Car Package - Zero Depreciation,750000,Active,6/3/2025,750000
CUST-1417,POL-23509693,KL 83 4608,Private Car Package - Zero Depreciation,935000,Active,8/21/2026,865704
CUST-1418,POL-19597662,GJ 48 8998,Private Car Package - Standard,550000,Flagged,5/16/2025,396459
CUST-1419,POL-36009734,KL 65 2831,Private Car Package - Zero Depreciation,770000,Flagged,4/19/2026,434818
CUST-1420,POL-96276901,TN 92 0781,Private Car Package - Zero Depreciation,489999,Active,8/12/2025,329129
CUST-1421,POL-17327985,GJ 07 5709,Private Car Package - Zero Depreciation,489999,Active,7/9/2026,348004
CUST-1422,POL-35973599,TN 35 4867,Private Car Package - Zero Depreciation,935000,Active,7/4/2025,756804
CUST-1423,POL-56601190,WB 17 0350,Private Car Package - Zero Depreciation,770000,Active,4/5/2026,696739
CUST-1424,POL-96911073,MP 60 7718,Private Car Package - Zero Depreciation,350000,Active,5/17/2025,301937
CUST-1425,POL-43572499,DL 16 0908,Private Car Package - Zero Depreciation,489999,Active,2/7/2026,462138
CUST-1426,POL-41131665,AP 64 7358,Private Car Package - Standard,750000,Flagged,11/2/2025,258782
CUST-1427,POL-24700038,TS 92 9270,Private Car Package - Zero Depreciation,770000,Active,8/24/2025,770000
CUST-1428,POL-88018927,UP 07 3381,Private Car Package - Zero Depreciation,840000,Active,7/13/2025,840000
CUST-1429,POL-06653216,AP 75 0432,Private Car Package - Standard,350000,Active,9/22/2026,292054
CUST-1430,POL-83897513,KA 45 9733,Private Car Package - Zero Depreciation,1050000,Active,9/1/2026,630906
CUST-1431,POL-79403400,MH 79 1352,Private Car Package - Zero Depreciation,489999,Active,2/16/2026,453473
CUST-1432,POL-35651072,RJ 14 8647,Private Car Package - Standard,750000,Active,5/24/2025,656465
CUST-1433,POL-04788266,MP 91 4121,Private Car Package - Standard,750000,Active,11/23/2025,461056
CUST-1434,POL-96338137,RJ 29 2784,Private Car Package - Zero Depreciation,840000,Active,5/27/2025,840000
CUST-1435,POL-21386297,DL 25 8549,Private Car Package - Zero Depreciation,1050000,Active,3/4/2025,743865
CUST-1436,POL-27539441,TN 83 5727,Private Car Package - Zero Depreciation,750000,Active,7/24/2026,601803
CUST-1437,POL-57886990,TS 46 1062,Private Car Package - Standard,600000,Active,6/22/2026,501642
CUST-1438,POL-58501316,TS 78 7107,Private Car Package - Zero Depreciation,770000,Active,11/4/2025,770000
CUST-1439,POL-86544408,DL 83 9489,Private Car Package - Zero Depreciation,770000,Active,11/4/2025,631667
CUST-1440,POL-30435943,GJ 66 3931,Private Car Package - Standard,550000,Active,2/27/2026,351678
CUST-1441,POL-94882282,KA 82 6122,Private Car Package - Zero Depreciation,1050000,Flagged,7/28/2025,757316
CUST-1442,POL-27308304,MP 35 5435,Private Car Package - Standard,350000,Active,1/15/2026,350000
CUST-1443,POL-33756375,DL 68 8110,Private Car Package - Zero Depreciation,1275000,Flagged,11/21/2026,1016445
CUST-1444,POL-56911605,KL 97 9426,Private Car Package - Standard,350000,Active,7/12/2025,350000
CUST-1445,POL-00956147,TN 69 8097,Private Car Package - Zero Depreciation,1050000,Active,11/7/2025,965918
CUST-1446,POL-29243830,TS 88 1785,Private Car Package - Standard,750000,Active,5/6/2026,647029
CUST-1447,POL-64058165,KA 70 1410,Private Car Package - Zero Depreciation,1050000,Active,9/3/2025,1050000
CUST-1448,POL-60443057,MH 41 7561,Private Car Package - Zero Depreciation,840000,Active,10/27/2026,740643
CUST-1449,POL-06738978,MP 56 8592,Private Car Package - Zero Depreciation,840000,Active,5/25/2026,840000
CUST-1450,POL-94841998,TN 12 6460,Private Car Package - Standard,550000,Active,11/24/2025,550000
CUST-1451,POL-52454274,GJ 15 2402,Private Car Package - Zero Depreciation,840000,Active,8/15/2025,722398
CUST-1452,POL-18503218,DL 32 4351,Private Car Package - Zero Depreciation,489999,Active,8/22/2026,489999
CUST-1453,POL-30586443,UP 04 6912,Private Car Package - Zero Depreciation,840000,Flagged,8/24/2025,532369
CUST-1454,POL-19124357,DL 56 1691,Private Car Package - Zero Depreciation,1050000,Active,11/2/2026,1050000
CUST-1455,POL-61612267,GJ 26 8184,Private Car Package - Standard,600000,Active,5/16/2026,600000
CUST-1456,POL-60234801,GJ 32 9618,Private Car Package - Zero Depreciation,770000,Active,6/23/2025,673879
CUST-1457,POL-08879835,UP 87 1818,Private Car Package - Zero Depreciation,770000,Active,10/20/2026,690743
CUST-1458,POL-00924006,RJ 69 6953,Private Car Package - Standard,350000,Active,11/16/2026,327888
CUST-1459,POL-34438953,MP 28 9965,Private Car Package - Zero Depreciation,935000,Active,3/11/2025,877230
CUST-1460,POL-58718280,WB 35 0097,Private Car Package - Zero Depreciation,489999,Active,1/18/2026,423785
CUST-1461,POL-63078835,AP 04 8923,Private Car Package - Zero Depreciation,550000,Active,1/7/2025,467366
CUST-1462,POL-77399897,KA 90 9106,Private Car Package - Zero Depreciation,935000,Active,6/27/2026,935000
CUST-1463,POL-28126480,UP 26 4724,Private Car Package - Zero Depreciation,1020000,Active,7/3/2025,631520
CUST-1464,POL-94085115,RJ 48 3334,Private Car Package - Zero Depreciation,1050000,Active,9/27/2026,1050000
CUST-1465,POL-16723208,UP 87 6429,Private Car Package - Zero Depreciation,840000,Flagged,3/22/2025,410947
CUST-1466,POL-36030260,WB 52 2961,Private Car Package - Zero Depreciation,770000,Active,11/4/2025,722247
CUST-1467,POL-19596882,WB 97 5499,Private Car Package - Zero Depreciation,595000,Flagged,1/22/2026,333433
CUST-1468,POL-27605975,KA 29 1274,Private Car Package - Zero Depreciation,350000,Active,3/26/2025,308664
CUST-1469,POL-86775530,GJ 81 7067,Private Car Package - Zero Depreciation,840000,Active,4/8/2025,840000
CUST-1470,POL-73687165,TN 04 1343,Private Car Package - Zero Depreciation,1050000,Active,8/4/2026,1050000
CUST-1471,POL-02253626,KA 41 7794,Private Car Package - Standard,350000,Active,7/11/2026,281268
CUST-1472,POL-44916256,DL 54 0130,Private Car Package - Zero Depreciation,489999,Active,1/17/2025,407457
CUST-1473,POL-77700838,AP 87 1328,Private Car Package - Standard,750000,Active,3/20/2025,513180
CUST-1474,POL-64124911,TN 72 9037,Private Car Package - Zero Depreciation,1050000,Active,2/3/2026,1050000
CUST-1475,POL-67780606,TS 11 0151,Private Car Package - Zero Depreciation,840000,Flagged,3/22/2025,456874
CUST-1476,POL-70984827,MH 57 4172,Private Car Package - Zero Depreciation,595000,Active,8/26/2025,595000
CUST-1477,POL-60826228,MP 97 4670,Private Car Package - Standard,550000,Active,12/1/2025,550000
CUST-1478,POL-43052714,PB 21 8341,Private Car Package - Standard,600000,Active,4/7/2026,600000
CUST-1479,POL-48298983,TN 03 8787,Private Car Package - Zero Depreciation,840000,Active,3/19/2026,568838
CUST-1480,POL-58550573,MP 01 3898,Private Car Package - Zero Depreciation,935000,Active,10/30/2025,836212
CUST-1481,POL-83264145,KA 97 6573,Private Car Package - Zero Depreciation,489999,Active,10/12/2026,401773
CUST-1482,POL-37274588,MP 10 9324,Private Car Package - Zero Depreciation,840000,Active,1/6/2025,706618
CUST-1483,POL-74906544,TS 62 7818,Private Car Package - Standard,600000,Flagged,5/16/2025,435257
CUST-1484,POL-64187879,WB 99 3914,Private Car Package - Zero Depreciation,770000,Active,6/9/2026,549095
CUST-1485,POL-57012639,TS 14 3663,Private Car Package - Zero Depreciation,595000,Active,4/6/2025,407726
CUST-1486,POL-35026708,KL 92 2142,Private Car Package - Standard,600000,Active,10/26/2025,548622
CUST-1487,POL-92035024,PB 65 0806,Private Car Package - Standard,350000,Active,9/6/2025,287645
CUST-1488,POL-37274614,AP 80 8154,Private Car Package - Zero Depreciation,750000,Active,5/23/2025,614541
CUST-1489,POL-59869941,AP 27 6826,Private Car Package - Zero Depreciation,840000,Active,6/21/2025,752737
CUST-1490,POL-49754956,MP 17 0850,Private Car Package - Zero Depreciation,770000,Active,1/5/2026,686331
CUST-1491,POL-47589894,MH 16 6060,Private Car Package - Zero Depreciation,550000,Active,4/14/2026,468320
CUST-1492,POL-96226870,UP 47 9242,Private Car Package - Zero Depreciation,1020000,Active,12/7/2025,948977
CUST-1493,POL-12202595,HR 78 7035,Private Car Package - Zero Depreciation,840000,Active,10/29/2026,737479
CUST-1494,POL-70043224,TS 86 1878,Private Car Package - Zero Depreciation,840000,Active,7/25/2025,840000
CUST-1495,POL-00151258,MH 33 9362,Private Car Package - Standard,750000,Active,10/26/2025,619251
CUST-1496,POL-41686594,TS 15 1102,Private Car Package - Standard,550000,Active,11/30/2025,471586
CUST-1497,POL-24178200,HR 36 8735,Private Car Package - Zero Depreciation,770000,Active,7/24/2025,712140
CUST-1498,POL-27729048,DL 84 0808,Private Car Package - Zero Depreciation,750000,Active,7/18/2026,750000
CUST-1499,POL-14092681,MP 20 9543,Private Car Package - Zero Depreciation,1050000,Active,3/12/2025,679087
CUST-1500,POL-35244683,PB 74 3546,Private Car Package - Zero Depreciation,770000,Flagged,9/5/2025,615720
CUST-1501,POL-90585840,UP 92 2021,Private Car Package - Zero Depreciation,750000,Active,1/22/2026,750000
CUST-1502,POL-69620961,KA 88 2662,Private Car Package - Zero Depreciation,550000,Active,7/2/2026,550000
CUST-1503,POL-62056085,UP 10 0706,Private Car Package - Zero Depreciation,770000,Active,7/4/2026,664793
CUST-1504,POL-44521861,PB 87 1082,Private Car Package - Zero Depreciation,595000,Active,11/5/2026,444959
CUST-1505,POL-60835770,MH 86 4158,Private Car Package - Zero Depreciation,750000,Active,2/15/2025,750000
CUST-1506,POL-06709064,WB 24 3091,Private Car Package - Standard,550000,Active,12/6/2025,550000
CUST-1507,POL-61415714,RJ 46 9866,Private Car Package - Zero Depreciation,595000,Active,6/7/2026,365602
CUST-1508,POL-63077853,PB 83 4715,Private Car Package - Zero Depreciation,1050000,Active,4/20/2026,782588
CUST-1509,POL-38347344,UP 55 3822,Private Car Package - Zero Depreciation,1050000,Active,5/10/2026,935559
CUST-1510,POL-97996334,MH 81 3933,Private Car Package - Standard,550000,Active,4/29/2025,505848
CUST-1511,POL-16187058,TS 52 2354,Private Car Package - Zero Depreciation,840000,Active,7/31/2025,586505
CUST-1512,POL-74898641,HR 94 4042,Private Car Package - Zero Depreciation,840000,Active,4/9/2026,581459
CUST-1513,POL-57250908,MH 15 3642,Private Car Package - Zero Depreciation,1020000,Flagged,1/24/2025,583409
CUST-1514,POL-36212998,MP 21 9977,Private Car Package - Zero Depreciation,350000,Active,9/7/2025,217251
CUST-1515,POL-75007607,TS 46 5223,Private Car Package - Zero Depreciation,1050000,Active,4/19/2026,737452
CUST-1516,POL-12546897,MH 50 5960,Private Car Package - Zero Depreciation,1050000,Active,2/10/2026,980712
CUST-1517,POL-70848771,PB 39 4678,Private Car Package - Zero Depreciation,1050000,Active,2/3/2026,637191
CUST-1518,POL-41789903,MP 58 6925,Private Car Package - Zero Depreciation,1050000,Active,8/15/2026,766390
CUST-1519,POL-43449562,AP 38 8806,Private Car Package - Zero Depreciation,1050000,Active,4/14/2026,841985
CUST-1520,POL-50328587,RJ 75 1502,Private Car Package - Zero Depreciation,770000,Flagged,9/4/2026,238161
CUST-1521,POL-80711726,KA 64 5722,Private Car Package - Zero Depreciation,550000,Active,12/23/2025,550000
CUST-1522,POL-71000201,UP 60 4338,Private Car Package - Standard,750000,Active,9/22/2026,675985
CUST-1523,POL-49633928,UP 37 9765,Private Car Package - Zero Depreciation,1050000,Active,11/9/2025,887964
CUST-1524,POL-07233027,UP 07 2200,Private Car Package - Zero Depreciation,600000,Active,2/2/2026,548622
CUST-1525,POL-78057275,HR 84 0309,Private Car Package - Zero Depreciation,750000,Active,7/10/2025,704266
CUST-1526,POL-99614209,KL 44 9869,Private Car Package - Zero Depreciation,1050000,Active,10/23/2025,799000
CUST-1527,POL-82137325,KL 30 0435,Private Car Package - Standard,600000,Active,2/24/2025,453748
CUST-1528,POL-08313202,MP 03 0159,Private Car Package - Zero Depreciation,935000,Active,1/29/2026,935000
CUST-1529,POL-24732528,PB 09 3981,Private Car Package - Zero Depreciation,770000,Active,3/2/2026,685436
CUST-1530,POL-18484975,KA 90 0942,Private Car Package - Zero Depreciation,770000,Active,2/1/2025,516312
CUST-1531,POL-47141564,TN 79 1124,Private Car Package - Zero Depreciation,1020000,Flagged,7/5/2026,777138
CUST-1532,POL-79214301,TN 43 7849,Private Car Package - Zero Depreciation,770000,Active,5/23/2026,770000
CUST-1533,POL-35107258,PB 97 4762,Private Car Package - Zero Depreciation,350000,Active,7/11/2026,217662
CUST-1534,POL-81634746,TS 30 9916,Private Car Package - Standard,350000,Active,3/28/2026,350000
CUST-1535,POL-23371385,WB 92 6385,Private Car Package - Zero Depreciation,935000,Active,11/1/2025,705213
CUST-1536,POL-88957658,MH 23 7325,Private Car Package - Zero Depreciation,840000,Active,3/31/2025,840000
CUST-1537,POL-41188094,GJ 93 3288,Private Car Package - Zero Depreciation,1050000,Active,8/26/2026,1050000
CUST-1538,POL-15798997,HR 25 5152,Private Car Package - Zero Depreciation,770000,Active,7/31/2025,669227
CUST-1539,POL-60104634,MP 68 4952,Private Car Package - Zero Depreciation,840000,Active,7/6/2026,707766
CUST-1540,POL-50979101,DL 22 2690,Private Car Package - Zero Depreciation,840000,Active,10/1/2025,840000
CUST-1541,POL-38990176,UP 16 6462,Private Car Package - Zero Depreciation,595000,Active,3/2/2025,549083
CUST-1542,POL-90975109,UP 10 1938,Private Car Package - Zero Depreciation,750000,Active,9/13/2025,653420
CUST-1543,POL-14370791,WB 83 3247,Private Car Package - Standard,750000,Active,5/17/2026,648678
CUST-1544,POL-00989016,DL 42 5866,Private Car Package - Zero Depreciation,600000,Active,1/20/2026,600000
CUST-1545,POL-70594786,MH 65 1566,Private Car Package - Zero Depreciation,489999,Flagged,1/13/2026,406927
CUST-1546,POL-87529115,UP 72 5564,Private Car Package - Zero Depreciation,600000,Flagged,4/15/2026,271265
CUST-1547,POL-75121212,UP 04 2368,Private Car Package - Standard,600000,Active,7/2/2026,600000
CUST-1548,POL-02018441,MP 98 7925,Private Car Package - Standard,550000,Active,5/22/2026,550000
CUST-1549,POL-89387495,PB 49 6183,Private Car Package - Zero Depreciation,840000,Active,5/14/2025,692178
CUST-1550,POL-60123837,KL 11 8669,Private Car Package - Standard,600000,Active,2/17/2025,399506
CUST-1551,POL-22875473,TN 42 5439,Private Car Package - Zero Depreciation,935000,Active,6/11/2025,935000
CUST-1552,POL-09557151,WB 97 4936,Private Car Package - Standard,350000,Active,7/27/2025,304969
CUST-1553,POL-12405172,MP 08 8109,Private Car Package - Zero Depreciation,840000,Active,4/6/2025,724088
CUST-1554,POL-51829852,WB 52 6927,Private Car Package - Zero Depreciation,1020000,Active,11/12/2026,1020000
CUST-1555,POL-33667349,DL 53 8451,Private Car Package - Zero Depreciation,489999,Active,8/28/2025,426930
CUST-1556,POL-74632772,DL 49 9864,Private Car Package - Zero Depreciation,350000,Active,1/2/2025,350000
CUST-1557,POL-07029880,AP 22 4347,Private Car Package - Zero Depreciation,595000,Active,6/16/2026,494098
CUST-1558,POL-00673177,TN 25 7747,Private Car Package - Zero Depreciation,595000,Active,5/4/2025,520914
CUST-1559,POL-77872607,GJ 49 8959,Private Car Package - Zero Depreciation,1050000,Active,1/28/2026,888015
CUST-1560,POL-32320403,WB 39 4443,Private Car Package - Zero Depreciation,489999,Active,5/21/2025,412756
CUST-1561,POL-98975737,TN 73 3863,Private Car Package - Zero Depreciation,1275000,Active,1/9/2025,1107679
CUST-1562,POL-25327200,MH 88 9167,Private Car Package - Zero Depreciation,1050000,Active,10/6/2026,919983
CUST-1563,POL-38752519,MH 72 1071,Private Car Package - Zero Depreciation,550000,Active,3/30/2026,550000
CUST-1564,POL-89383859,MP 99 2857,Private Car Package - Zero Depreciation,489999,Active,8/27/2026,441732
CUST-1565,POL-39708565,TN 53 3487,Private Car Package - Standard,600000,Active,11/19/2025,600000
CUST-1566,POL-55985080,KA 97 8398,Private Car Package - Zero Depreciation,600000,Active,7/21/2026,523285
CUST-1567,POL-13573408,TS 52 8176,Private Car Package - Standard,600000,Active,1/28/2025,600000
CUST-1568,POL-62566816,PB 86 3431,Private Car Package - Zero Depreciation,1050000,Active,7/13/2025,912449
CUST-1569,POL-64182631,WB 63 6234,Private Car Package - Zero Depreciation,600000,Flagged,5/22/2026,420090
CUST-1570,POL-29940808,HR 97 5079,Private Car Package - Zero Depreciation,1050000,Flagged,3/14/2025,547268
CUST-1571,POL-99252303,DL 04 7936,Private Car Package - Standard,600000,Active,2/1/2026,519394
CUST-1572,POL-17265704,TN 10 6606,Private Car Package - Zero Depreciation,840000,Active,4/28/2026,711060
CUST-1573,POL-34917335,PB 63 5622,Private Car Package - Zero Depreciation,350000,Active,1/15/2025,350000
CUST-1574,POL-13887488,KA 12 1850,Private Car Package - Standard,350000,Active,6/3/2026,308856
CUST-1575,POL-46510652,WB 16 0548,Private Car Package - Zero Depreciation,770000,Active,3/26/2025,654703
CUST-1576,POL-29635556,MP 83 2323,Private Car Package - Zero Depreciation,1050000,Active,3/22/2025,819216
CUST-1577,POL-47943107,MP 20 8020,Private Car Package - Zero Depreciation,1050000,Active,2/5/2026,1050000
CUST-1578,POL-21477174,KL 44 9662,Private Car Package - Zero Depreciation,489999,Flagged,9/2/2025,208666
CUST-1579,POL-06380378,DL 66 1729,Private Car Package - Standard,350000,Active,4/29/2025,350000
CUST-1580,POL-18087685,MH 41 7971,Private Car Package - Zero Depreciation,489999,Active,5/3/2025,404784
CUST-1581,POL-88479223,KA 97 6673,Private Car Package - Zero Depreciation,489999,Active,6/20/2026,396440
CUST-1582,POL-14112430,GJ 34 6996,Private Car Package - Zero Depreciation,1050000,Active,10/3/2025,1050000
CUST-1583,POL-50677904,KA 18 9677,Private Car Package - Zero Depreciation,489999,Active,10/6/2025,396633
CUST-1584,POL-82186581,MP 36 2586,Private Car Package - Zero Depreciation,600000,Active,10/5/2026,534272
CUST-1585,POL-31286383,TS 75 4406,Private Car Package - Zero Depreciation,770000,Active,5/27/2026,671940
CUST-1586,POL-75654163,GJ 04 9859,Private Car Package - Zero Depreciation,840000,Flagged,8/11/2026,202981
CUST-1587,POL-81927820,KA 79 8821,Private Car Package - Standard,750000,Active,1/3/2025,750000
CUST-1588,POL-30393646,TS 98 1035,Private Car Package - Zero Depreciation,1275000,Active,1/28/2026,815469
CUST-1589,POL-84878081,RJ 96 1888,Private Car Package - Zero Depreciation,489999,Active,8/18/2025,429104
CUST-1590,POL-40622987,HR 43 2918,Private Car Package - Standard,550000,Active,10/5/2025,465167
CUST-1591,POL-62717680,KL 30 4717,Private Car Package - Zero Depreciation,1020000,Active,7/3/2025,666321
CUST-1592,POL-51691569,TS 45 8839,Private Car Package - Standard,350000,Active,3/12/2025,350000
CUST-1593,POL-61796771,GJ 68 8085,Private Car Package - Zero Depreciation,840000,Flagged,4/13/2026,424902
CUST-1594,POL-86719585,KL 19 4927,Private Car Package - Zero Depreciation,1050000,Active,11/8/2025,1050000
CUST-1595,POL-61868946,DL 39 2267,Private Car Package - Zero Depreciation,1050000,Active,5/21/2026,974447
CUST-1596,POL-45416819,WB 56 3947,Private Car Package - Zero Depreciation,1050000,Active,1/25/2025,993435
CUST-1597,POL-29022491,RJ 31 7807,Private Car Package - Zero Depreciation,600000,Active,1/10/2025,600000
CUST-1598,POL-47097366,AP 40 3679,Private Car Package - Standard,550000,Flagged,4/17/2025,390326
CUST-1599,POL-95594577,MP 98 7107,Private Car Package - Zero Depreciation,1050000,Active,5/26/2025,980858
CUST-1600,POL-85474445,PB 33 8228,Private Car Package - Zero Depreciation,595000,Active,6/17/2026,509952
CUST-1601,POL-13344164,KL 95 6024,Private Car Package - Zero Depreciation,840000,Active,8/18/2026,790270
CUST-1602,POL-49676979,DL 27 8895,Private Car Package - Zero Depreciation,750000,Active,3/18/2025,451156
CUST-1603,POL-18067941,GJ 21 3151,Private Car Package - Zero Depreciation,489999,Active,5/14/2025,489999
CUST-1604,POL-42294239,PB 67 4186,Private Car Package - Standard,600000,Active,12/1/2025,514396
CUST-1605,POL-46682937,AP 97 2586,Private Car Package - Zero Depreciation,840000,Active,7/27/2025,840000
CUST-1606,POL-22083454,KL 81 9282,Private Car Package - Zero Depreciation,489999,Active,4/6/2026,414626
CUST-1607,POL-92114627,TN 34 5542,Private Car Package - Zero Depreciation,935000,Active,1/2/2026,935000
CUST-1608,POL-83492090,PB 01 0333,Private Car Package - Zero Depreciation,770000,Flagged,5/3/2025,548384
CUST-1609,POL-08887845,MH 10 8686,Private Car Package - Standard,600000,Active,2/11/2025,516473
CUST-1610,POL-26876747,HR 50 2063,Private Car Package - Zero Depreciation,1275000,Active,12/31/2025,1006833
CUST-1611,POL-69188558,RJ 32 9130,Private Car Package - Zero Depreciation,350000,Active,6/28/2025,234223
CUST-1612,POL-87727702,TN 27 4345,Private Car Package - Zero Depreciation,770000,Active,7/18/2026,770000
CUST-1613,POL-26069216,TN 70 0780,Private Car Package - Zero Depreciation,935000,Active,5/5/2025,885559
CUST-1614,POL-55169975,RJ 38 6843,Private Car Package - Zero Depreciation,1275000,Active,2/15/2026,1275000
CUST-1615,POL-10320537,KA 78 0816,Private Car Package - Zero Depreciation,350000,Active,3/18/2025,304397
CUST-1616,POL-15478429,GJ 80 8146,Private Car Package - Standard,750000,Active,3/31/2026,750000
CUST-1617,POL-65038796,PB 31 6497,Private Car Package - Zero Depreciation,1020000,Active,4/18/2026,1020000
CUST-1618,POL-24574330,KA 92 1573,Private Car Package - Standard,550000,Active,2/9/2026,550000
CUST-1619,POL-18496180,KA 07 4977,Private Car Package - Zero Depreciation,550000,Flagged,12/29/2025,259174
CUST-1620,POL-95420890,DL 86 9778,Private Car Package - Zero Depreciation,840000,Active,2/5/2025,632964
CUST-1621,POL-20858108,KL 87 0931,Private Car Package - Zero Depreciation,750000,Active,5/26/2026,750000
CUST-1622,POL-18941984,AP 59 4797,Private Car Package - Zero Depreciation,935000,Active,1/28/2026,821489
CUST-1623,POL-53248511,KL 31 0771,Private Car Package - Zero Depreciation,750000,Active,9/13/2025,660813
CUST-1624,POL-71907229,HR 93 5240,Private Car Package - Standard,350000,Flagged,5/7/2026,135492
CUST-1625,POL-58731949,UP 80 5244,Private Car Package - Standard,600000,Active,11/26/2025,494322
CUST-1626,POL-28890834,HR 04 8172,Private Car Package - Zero Depreciation,1275000,Active,9/4/2026,1275000
CUST-1627,POL-54173821,HR 05 4640,Private Car Package - Zero Depreciation,1020000,Active,6/27/2026,716238
CUST-1628,POL-62138287,MP 31 2890,Private Car Package - Standard,750000,Flagged,9/11/2025,462538
CUST-1629,POL-14635128,WB 14 9552,Private Car Package - Zero Depreciation,840000,Active,2/27/2025,840000
CUST-1630,POL-64802210,PB 30 3920,Private Car Package - Zero Depreciation,770000,Active,6/30/2025,683374
CUST-1631,POL-25691683,WB 06 7897,Private Car Package - Standard,600000,Active,1/3/2026,600000
CUST-1632,POL-78155364,RJ 23 6637,Private Car Package - Standard,600000,Active,5/26/2025,563587
CUST-1633,POL-49648737,GJ 91 6646,Private Car Package - Zero Depreciation,770000,Active,6/29/2025,770000
CUST-1634,POL-00811212,MP 98 8851,Private Car Package - Zero Depreciation,595000,Active,8/13/2025,482569
CUST-1635,POL-15521174,HR 55 9965,Private Car Package - Zero Depreciation,935000,Active,7/26/2025,795493
CUST-1636,POL-96779667,HR 69 5952,Private Car Package - Standard,750000,Active,11/28/2025,750000
CUST-1637,POL-20036000,DL 99 1710,Private Car Package - Zero Depreciation,750000,Active,5/26/2025,750000
CUST-1638,POL-21152816,WB 43 0543,Private Car Package - Standard,600000,Active,1/18/2026,600000
CUST-1639,POL-87699729,KL 41 2002,Private Car Package - Zero Depreciation,550000,Active,11/6/2025,491545
CUST-1640,POL-36269393,PB 74 3359,Private Car Package - Standard,750000,Active,3/24/2026,750000
CUST-1641,POL-52045544,UP 45 7802,Private Car Package - Zero Depreciation,840000,Active,9/21/2026,701078
CUST-1642,POL-75962247,KA 81 8539,Private Car Package - Zero Depreciation,1050000,Active,5/11/2025,965105
CUST-1643,POL-41056674,GJ 40 4865,Private Car Package - Standard,550000,Active,8/5/2026,550000
CUST-1644,POL-75504498,MH 38 7495,Private Car Package - Standard,600000,Flagged,8/15/2025,498674
CUST-1645,POL-90914905,PB 13 7816,Private Car Package - Standard,350000,Active,12/6/2025,212104
CUST-1646,POL-44217357,DL 33 6247,Private Car Package - Zero Depreciation,1050000,Active,6/21/2025,689293
CUST-1647,POL-03105472,MH 85 7451,Private Car Package - Zero Depreciation,840000,Active,8/3/2025,755379
CUST-1648,POL-63069278,WB 98 7516,Private Car Package - Zero Depreciation,489999,Active,1/2/2025,438145
CUST-1649,POL-94098031,KL 94 4647,Private Car Package - Standard,550000,Active,2/28/2026,471933
CUST-1650,POL-39804404,WB 32 2965,Private Car Package - Zero Depreciation,840000,Active,5/6/2026,782691
CUST-1651,POL-34538273,MH 25 1416,Private Car Package - Zero Depreciation,1050000,Active,3/17/2025,1050000
CUST-1652,POL-83006355,KA 45 5657,Private Car Package - Zero Depreciation,489999,Active,3/17/2025,321056
CUST-1653,POL-87640790,MP 39 3120,Private Car Package - Zero Depreciation,770000,Flagged,7/15/2026,392878
CUST-1654,POL-00128178,TN 39 8062,Private Car Package - Zero Depreciation,550000,Active,11/1/2026,366887
CUST-1655,POL-78414441,PB 38 4516,Private Car Package - Zero Depreciation,770000,Active,12/6/2025,668550
CUST-1656,POL-14771297,AP 94 4302,Private Car Package - Zero Depreciation,550000,Active,9/29/2025,467806
CUST-1657,POL-38833093,WB 51 4203,Private Car Package - Zero Depreciation,840000,Active,2/20/2025,840000
CUST-1658,POL-31075849,UP 50 5316,Private Car Package - Zero Depreciation,770000,Active,1/4/2025,576149
CUST-1659,POL-41569870,WB 12 2157,Private Car Package - Standard,600000,Flagged,5/7/2026,372743
CUST-1660,POL-55635957,PB 42 4683,Private Car Package - Zero Depreciation,489999,Active,10/16/2026,489999
CUST-1661,POL-92036572,AP 06 4874,Private Car Package - Standard,550000,Flagged,2/12/2026,279123
CUST-1662,POL-03743596,TS 74 2538,Private Car Package - Zero Depreciation,1020000,Active,7/12/2026,1020000
CUST-1663,POL-55670267,RJ 64 7506,Private Car Package - Standard,600000,Active,7/11/2025,547799
CUST-1664,POL-49017342,GJ 11 8352,Private Car Package - Zero Depreciation,840000,Active,8/20/2025,654824
CUST-1665,POL-21518762,GJ 83 9035,Private Car Package - Zero Depreciation,489999,Active,3/29/2025,424701
CUST-1666,POL-92183471,KA 25 7163,Private Car Package - Standard,550000,Active,8/21/2025,436362
CUST-1667,POL-59544635,KA 48 8292,Private Car Package - Standard,550000,Active,7/3/2026,369437
CUST-1668,POL-24912576,DL 95 9407,Private Car Package - Zero Depreciation,1050000,Active,3/22/2025,1050000
CUST-1669,POL-03220751,HR 75 3230,Private Car Package - Zero Depreciation,1275000,Active,6/27/2025,1028019
CUST-1670,POL-18099580,KA 08 5762,Private Car Package - Zero Depreciation,1275000,Active,3/22/2025,1182776
CUST-1671,POL-96320187,PB 03 5142,Private Car Package - Standard,750000,Active,9/2/2026,600413
CUST-1672,POL-66017822,TS 76 2931,Private Car Package - Zero Depreciation,595000,Active,2/11/2026,500806
CUST-1673,POL-93284777,AP 01 3098,Private Car Package - Zero Depreciation,840000,Active,10/1/2026,652020
CUST-1674,POL-90066284,TS 71 0550,Private Car Package - Zero Depreciation,935000,Active,6/1/2025,801353
CUST-1675,POL-23110229,GJ 74 3814,Private Car Package - Standard,350000,Active,4/14/2025,327618
CUST-1676,POL-28596090,HR 41 0760,Private Car Package - Standard,600000,Active,1/28/2026,512191
CUST-1677,POL-29159523,PB 32 7721,Private Car Package - Zero Depreciation,935000,Active,10/10/2025,935000
CUST-1678,POL-59891110,TN 21 9485,Private Car Package - Zero Depreciation,935000,Active,9/1/2025,672222
CUST-1679,POL-13158179,KA 05 7389,Private Car Package - Standard,600000,Active,12/12/2025,391492
CUST-1680,POL-81149266,MH 05 5960,Private Car Package - Standard,600000,Active,8/22/2025,564731
CUST-1681,POL-11503832,DL 59 3073,Private Car Package - Standard,550000,Active,10/3/2025,464117
CUST-1682,POL-36181976,MH 26 9839,Private Car Package - Zero Depreciation,489999,Active,2/21/2026,419324
CUST-1683,POL-27219601,KA 38 0236,Private Car Package - Standard,600000,Active,6/12/2025,562026
CUST-1684,POL-96717307,MP 54 5551,Private Car Package - Zero Depreciation,935000,Active,6/21/2026,935000
CUST-1685,POL-82850541,WB 35 5964,Private Car Package - Zero Depreciation,1050000,Flagged,3/1/2025,574614
CUST-1686,POL-77373162,MP 94 2932,Private Car Package - Zero Depreciation,935000,Active,7/23/2025,726522
CUST-1687,POL-20214807,TN 77 5585,Private Car Package - Zero Depreciation,770000,Active,11/29/2026,557226
CUST-1688,POL-87904542,MP 89 1746,Private Car Package - Zero Depreciation,840000,Active,4/2/2026,840000
CUST-1689,POL-57031725,TS 27 1892,Private Car Package - Zero Depreciation,840000,Active,4/3/2025,794700
CUST-1690,POL-45897639,KA 25 5224,Private Car Package - Zero Depreciation,935000,Active,8/9/2026,935000
CUST-1691,POL-29113477,MP 33 4815,Private Car Package - Zero Depreciation,750000,Active,10/3/2025,654217
CUST-1692,POL-79886378,PB 36 0299,Private Car Package - Standard,350000,Active,11/30/2026,350000
CUST-1693,POL-49629287,PB 60 6615,Private Car Package - Zero Depreciation,750000,Active,1/9/2025,664164
CUST-1694,POL-51216588,AP 05 6251,Private Car Package - Zero Depreciation,600000,Active,3/10/2026,395525
CUST-1695,POL-42584111,TN 97 5150,Private Car Package - Zero Depreciation,770000,Active,11/6/2025,716084
CUST-1696,POL-72920426,AP 90 0630,Private Car Package - Zero Depreciation,550000,Active,1/8/2025,550000
CUST-1697,POL-96183103,UP 90 7623,Private Car Package - Zero Depreciation,840000,Active,9/16/2026,572164
CUST-1698,POL-02748115,KL 81 1812,Private Car Package - Zero Depreciation,489999,Active,10/11/2025,420648
CUST-1699,POL-68767290,GJ 81 1344,Private Car Package - Zero Depreciation,840000,Active,10/30/2026,840000
CUST-1700,POL-18558727,RJ 02 2557,Private Car Package - Zero Depreciation,1050000,Flagged,2/28/2025,865542
CUST-1701,POL-80804755,MH 94 5884,Private Car Package - Zero Depreciation,600000,Active,1/27/2025,600000
CUST-1702,POL-98747543,TN 27 8626,Private Car Package - Zero Depreciation,840000,Active,3/5/2026,840000
CUST-1703,POL-14457071,TN 54 5096,Private Car Package - Zero Depreciation,350000,Active,8/9/2026,350000
CUST-1704,POL-56576435,TN 40 3515,Private Car Package - Zero Depreciation,750000,Active,11/19/2026,681906
CUST-1705,POL-58432833,KA 89 6989,Private Car Package - Standard,600000,Active,7/5/2025,528235
CUST-1706,POL-40706637,KL 46 0553,Private Car Package - Zero Depreciation,935000,Active,7/27/2026,879463
CUST-1707,POL-94510773,GJ 66 7226,Private Car Package - Zero Depreciation,600000,Active,12/30/2025,522083
CUST-1708,POL-26858818,PB 85 5848,Private Car Package - Standard,550000,Active,1/16/2026,448264
CUST-1709,POL-76927842,TN 78 1813,Private Car Package - Zero Depreciation,840000,Active,5/1/2025,840000
CUST-1710,POL-85049422,MP 79 0633,Private Car Package - Zero Depreciation,489999,Flagged,5/28/2026,268875
CUST-1711,POL-99055057,TN 65 9290,Private Car Package - Zero Depreciation,770000,Active,2/28/2026,770000
CUST-1712,POL-39622345,WB 93 9718,Private Car Package - Standard,750000,Active,2/24/2026,527811
CUST-1713,POL-57039279,RJ 90 2715,Private Car Package - Zero Depreciation,1050000,Active,7/4/2025,1050000
CUST-1714,POL-91864582,UP 04 2567,Private Car Package - Zero Depreciation,770000,Active,11/17/2025,619234
CUST-1715,POL-63384425,GJ 68 1208,Private Car Package - Zero Depreciation,489999,Active,6/22/2025,457114
CUST-1716,POL-25433441,PB 51 2278,Private Car Package - Standard,550000,Active,4/1/2025,550000
CUST-1717,POL-55290589,AP 37 8240,Private Car Package - Zero Depreciation,550000,Active,2/18/2026,550000
CUST-1718,POL-59480008,MP 88 7760,Private Car Package - Zero Depreciation,935000,Active,7/1/2026,935000
CUST-1719,POL-99237526,MH 51 8359,Private Car Package - Standard,350000,Active,7/15/2025,302950
CUST-1720,POL-43731669,MP 65 6064,Private Car Package - Zero Depreciation,350000,Active,8/20/2025,240678
CUST-1721,POL-96108702,HR 96 9155,Private Car Package - Zero Depreciation,1020000,Active,5/31/2026,898881
CUST-1722,POL-99322897,RJ 21 5753,Private Car Package - Zero Depreciation,1275000,Active,11/2/2025,1030386
CUST-1723,POL-65207000,MP 08 0668,Private Car Package - Zero Depreciation,840000,Active,12/17/2025,652236
CUST-1724,POL-56107317,TS 38 9162,Private Car Package - Zero Depreciation,1050000,Active,1/20/2025,783562
CUST-1725,POL-28788291,PB 22 9576,Private Car Package - Zero Depreciation,1050000,Active,8/27/2026,697323
CUST-1726,POL-61604975,AP 62 1027,Private Car Package - Zero Depreciation,489999,Active,10/29/2026,489999
CUST-1727,POL-83461720,WB 72 2564,Private Car Package - Standard,600000,Active,10/1/2026,600000
CUST-1728,POL-78279590,PB 10 2974,Private Car Package - Zero Depreciation,350000,Active,11/1/2026,350000
CUST-1729,POL-89590190,GJ 59 3037,Private Car Package - Zero Depreciation,489999,Active,5/7/2025,427325
CUST-1730,POL-98484179,KL 32 1303,Private Car Package - Zero Depreciation,550000,Active,7/30/2025,550000
CUST-1731,POL-23594965,TN 46 9135,Private Car Package - Zero Depreciation,489999,Flagged,11/10/2026,317002
CUST-1732,POL-43280915,WB 46 8526,Private Car Package - Zero Depreciation,1050000,Active,6/8/2026,924461
CUST-1733,POL-43346627,GJ 59 3571,Private Car Package - Zero Depreciation,489999,Active,5/25/2026,367821
CUST-1734,POL-65706578,WB 92 8867,Private Car Package - Standard,750000,Active,6/20/2026,750000
CUST-1735,POL-59145343,MP 15 2858,Private Car Package - Zero Depreciation,770000,Active,7/16/2026,513834
CUST-1736,POL-80489874,RJ 89 6909,Private Car Package - Zero Depreciation,770000,Active,1/14/2025,671056
CUST-1737,POL-71184392,KL 90 9140,Private Car Package - Standard,350000,Active,11/17/2026,350000
CUST-1738,POL-27482173,GJ 40 7720,Private Car Package - Standard,350000,Active,4/14/2025,231220
CUST-1739,POL-60305619,DL 49 4410,Private Car Package - Zero Depreciation,1050000,Active,9/28/2025,895245
CUST-1740,POL-25039609,MP 94 9581,Private Car Package - Standard,350000,Active,10/25/2025,224997
CUST-1741,POL-75387553,MH 19 1192,Private Car Package - Zero Depreciation,840000,Active,4/8/2025,674077
CUST-1742,POL-29905245,MH 07 0137,Private Car Package - Standard,350000,Active,11/11/2026,350000
CUST-1743,POL-13966972,PB 18 1130,Private Car Package - Zero Depreciation,840000,Active,3/25/2026,840000
CUST-1744,POL-50915386,TN 87 6596,Private Car Package - Zero Depreciation,489999,Active,12/17/2025,489999
CUST-1745,POL-57425002,PB 94 1104,Private Car Package - Zero Depreciation,770000,Active,10/6/2025,591286
CUST-1746,POL-03761263,RJ 06 9433,Private Car Package - Standard,550000,Active,4/26/2025,449701
CUST-1747,POL-82694310,TN 31 6056,Private Car Package - Standard,350000,Flagged,4/17/2025,142503
CUST-1748,POL-03606086,TN 60 8785,Private Car Package - Standard,550000,Active,7/5/2025,349482
CUST-1749,POL-55382513,HR 18 7158,Private Car Package - Zero Depreciation,600000,Active,5/10/2026,568866
CUST-1750,POL-02602902,WB 64 6963,Private Car Package - Zero Depreciation,770000,Active,9/25/2025,648415
CUST-1751,POL-41555503,MP 03 2332,Private Car Package - Zero Depreciation,350000,Active,8/14/2026,294097
CUST-1752,POL-31457500,TN 51 6923,Private Car Package - Standard,750000,Active,11/17/2026,750000
CUST-1753,POL-43276040,HR 97 2303,Private Car Package - Zero Depreciation,489999,Flagged,5/9/2026,347186
CUST-1754,POL-05672130,TS 67 4158,Private Car Package - Zero Depreciation,770000,Active,9/20/2026,610349
CUST-1755,POL-57672649,KA 03 1079,Private Car Package - Zero Depreciation,1050000,Active,5/23/2026,890266
CUST-1756,POL-54426432,WB 28 4680,Private Car Package - Zero Depreciation,770000,Active,10/12/2025,637590
CUST-1757,POL-57251600,TS 57 3165,Private Car Package - Zero Depreciation,1050000,Active,1/23/2026,1050000
CUST-1758,POL-42745764,PB 63 1306,Private Car Package - Zero Depreciation,489999,Active,4/4/2026,410461
CUST-1759,POL-68027472,UP 69 7968,Private Car Package - Zero Depreciation,770000,Active,11/1/2026,498626
CUST-1760,POL-45658934,KA 17 6782,Private Car Package - Zero Depreciation,770000,Active,7/17/2026,663833
CUST-1761,POL-65321551,PB 04 3866,Private Car Package - Standard,600000,Active,7/31/2025,508231
CUST-1762,POL-21225320,AP 76 7141,Private Car Package - Standard,550000,Active,1/8/2026,550000
CUST-1763,POL-45210714,KA 36 2453,Private Car Package - Zero Depreciation,770000,Active,9/27/2026,770000
CUST-1764,POL-51385915,RJ 36 6683,Private Car Package - Zero Depreciation,600000,Active,4/10/2025,494667
CUST-1765,POL-69029346,HR 11 8607,Private Car Package - Zero Depreciation,1275000,Active,12/30/2025,1275000
CUST-1766,POL-44414803,RJ 61 3726,Private Car Package - Zero Depreciation,600000,Active,6/18/2025,485045
CUST-1767,POL-84054673,RJ 09 2075,Private Car Package - Zero Depreciation,935000,Active,9/18/2026,935000
CUST-1768,POL-03211171,KL 64 3332,Private Car Package - Standard,350000,Active,2/7/2026,350000
CUST-1769,POL-81167810,AP 89 3421,Private Car Package - Zero Depreciation,750000,Active,3/1/2026,606941
CUST-1770,POL-88048927,MP 31 7627,Private Car Package - Standard,350000,Flagged,4/14/2026,89490
CUST-1771,POL-41674318,RJ 13 7615,Private Car Package - Standard,750000,Active,6/28/2026,574413
CUST-1772,POL-09279023,KA 98 9507,Private Car Package - Standard,550000,Active,6/5/2026,432234
CUST-1773,POL-24330930,GJ 59 5979,Private Car Package - Standard,750000,Active,4/17/2025,664964
CUST-1774,POL-17254784,KL 07 9175,Private Car Package - Zero Depreciation,840000,Active,1/29/2026,840000
CUST-1775,POL-20349445,MH 42 1438,Private Car Package - Zero Depreciation,1050000,Active,10/29/2025,674623
CUST-1776,POL-65871445,PB 89 7847,Private Car Package - Zero Depreciation,1050000,Active,6/9/2026,1050000
CUST-1777,POL-38162904,MP 27 4494,Private Car Package - Zero Depreciation,600000,Flagged,10/10/2026,250042
CUST-1778,POL-40341576,DL 31 7551,Private Car Package - Zero Depreciation,750000,Active,12/20/2025,619194
CUST-1779,POL-42877339,TN 54 6066,Private Car Package - Zero Depreciation,1050000,Active,10/15/2026,1050000
CUST-1780,POL-39699750,TN 72 2184,Private Car Package - Zero Depreciation,840000,Active,8/8/2026,709336
CUST-1781,POL-78402132,UP 17 1027,Private Car Package - Standard,600000,Active,1/14/2025,548230
CUST-1782,POL-02975749,TS 02 7540,Private Car Package - Zero Depreciation,489999,Active,2/24/2025,489999
CUST-1783,POL-96926309,PB 93 7467,Private Car Package - Zero Depreciation,1050000,Active,10/21/2025,903259
CUST-1784,POL-73287084,TS 62 1912,Private Car Package - Standard,750000,Active,10/30/2025,750000
CUST-1785,POL-22465852,GJ 82 6770,Private Car Package - Zero Depreciation,489999,Active,4/9/2026,489999
CUST-1786,POL-39859417,DL 20 1801,Private Car Package - Standard,750000,Active,2/3/2026,610925
CUST-1787,POL-12902494,HR 84 7488,Private Car Package - Zero Depreciation,600000,Flagged,1/26/2026,451572
CUST-1788,POL-44414179,HR 44 0070,Private Car Package - Standard,600000,Active,2/25/2025,600000
CUST-1789,POL-41461145,TS 10 0646,Private Car Package - Zero Depreciation,750000,Active,8/19/2025,646935
CUST-1790,POL-25939409,GJ 96 9841,Private Car Package - Standard,600000,Flagged,9/10/2026,285530
CUST-1791,POL-87149925,GJ 50 3379,Private Car Package - Zero Depreciation,840000,Active,7/11/2025,786174
CUST-1792,POL-75139118,HR 04 6219,Private Car Package - Zero Depreciation,489999,Flagged,10/13/2025,239871
CUST-1793,POL-75733380,HR 29 8366,Private Car Package - Zero Depreciation,1050000,Active,1/6/2025,929052
CUST-1794,POL-05845564,KL 50 6042,Private Car Package - Zero Depreciation,1275000,Flagged,9/4/2026,735433
CUST-1795,POL-53451367,HR 95 2598,Private Car Package - Zero Depreciation,840000,Active,7/18/2026,696167
CUST-1796,POL-00885543,WB 03 8567,Private Car Package - Zero Depreciation,840000,Active,6/18/2026,749552
CUST-1797,POL-15554026,KL 52 4052,Private Car Package - Zero Depreciation,1050000,Flagged,2/18/2026,541152
CUST-1798,POL-27639161,MH 59 6180,Private Car Package - Standard,750000,Active,12/6/2025,617762
CUST-1799,POL-04840821,HR 64 5176,Private Car Package - Standard,750000,Active,6/28/2026,707365
CUST-1800,POL-18227429,PB 89 1321,Private Car Package - Zero Depreciation,595000,Active,12/21/2025,595000
CUST-1801,POL-79600348,KL 75 7175,Private Car Package - Standard,750000,Active,11/30/2026,750000
CUST-1802,POL-37589253,AP 39 4894,Private Car Package - Zero Depreciation,489999,Active,10/17/2025,412173
CUST-1803,POL-96712826,RJ 47 7186,Private Car Package - Zero Depreciation,840000,Active,4/2/2026,771919
CUST-1804,POL-60609566,MH 54 6972,Private Car Package - Standard,600000,Active,11/25/2025,569311
CUST-1805,POL-47423710,KA 30 4256,Private Car Package - Zero Depreciation,489999,Active,7/5/2026,489999
CUST-1806,POL-42363612,AP 08 7900,Private Car Package - Zero Depreciation,489999,Active,10/7/2026,489999
CUST-1807,POL-03664978,KA 97 9864,Private Car Package - Standard,550000,Active,7/30/2025,550000
CUST-1808,POL-65849404,AP 73 3964,Private Car Package - Zero Depreciation,550000,Active,6/7/2025,475306
CUST-1809,POL-47877584,AP 74 0937,Private Car Package - Zero Depreciation,1020000,Active,2/25/2025,826442
CUST-1810,POL-62983483,WB 66 0639,Private Car Package - Zero Depreciation,350000,Active,9/22/2025,300105
CUST-1811,POL-80921304,MH 67 7183,Private Car Package - Zero Depreciation,550000,Active,3/20/2026,550000
CUST-1812,POL-32498693,PB 93 8972,Private Car Package - Zero Depreciation,550000,Active,1/7/2025,450377
CUST-1813,POL-67256710,UP 71 2035,Private Car Package - Standard,350000,Flagged,2/16/2025,254230
CUST-1814,POL-96453345,MH 65 0647,Private Car Package - Standard,600000,Active,10/24/2025,533009
CUST-1815,POL-71898789,PB 46 1869,Private Car Package - Zero Depreciation,489999,Flagged,1/26/2026,234854
CUST-1816,POL-81830696,TN 95 4336,Private Car Package - Zero Depreciation,489999,Active,8/14/2025,347449
CUST-1817,POL-52916872,TS 76 6833,Private Car Package - Standard,600000,Active,5/28/2025,600000
CUST-1818,POL-14979798,MP 88 8911,Private Car Package - Standard,600000,Active,1/12/2025,600000
CUST-1819,POL-43096349,MH 54 1616,Private Car Package - Zero Depreciation,1275000,Active,1/6/2025,1275000
CUST-1820,POL-70196137,UP 94 5769,Private Car Package - Zero Depreciation,770000,Active,11/9/2025,604334
CUST-1821,POL-96274424,TS 71 6467,Private Car Package - Zero Depreciation,1050000,Active,5/26/2025,978439
CUST-1822,POL-49884780,UP 50 1446,Private Car Package - Zero Depreciation,750000,Active,7/18/2025,656960
CUST-1823,POL-62755975,DL 56 3937,Private Car Package - Standard,350000,Active,4/18/2026,243740
CUST-1824,POL-04831198,KA 31 0991,Private Car Package - Zero Depreciation,489999,Active,9/14/2025,464755
CUST-1825,POL-77969765,UP 35 0940,Private Car Package - Standard,550000,Flagged,5/12/2025,400216
CUST-1826,POL-60947335,UP 32 5304,Private Car Package - Zero Depreciation,1275000,Active,3/13/2025,1109129
CUST-1827,POL-12548971,WB 88 4722,Private Car Package - Zero Depreciation,770000,Active,9/24/2026,770000
CUST-1828,POL-25256110,TS 19 7708,Private Car Package - Zero Depreciation,1050000,Active,1/9/2026,1050000
CUST-1829,POL-11538657,UP 65 3629,Private Car Package - Zero Depreciation,1275000,Active,8/15/2025,1118303
CUST-1830,POL-53520305,AP 28 7161,Private Car Package - Zero Depreciation,770000,Active,5/18/2025,717294
CUST-1831,POL-21407217,TS 99 8449,Private Car Package - Zero Depreciation,770000,Active,11/9/2025,647281
CUST-1832,POL-15313627,RJ 38 1234,Private Car Package - Zero Depreciation,489999,Flagged,3/25/2025,268111
CUST-1833,POL-79972026,KL 48 2410,Private Car Package - Zero Depreciation,1050000,Active,10/4/2026,1050000
CUST-1834,POL-64669551,PB 17 0702,Private Car Package - Standard,350000,Active,8/19/2026,309063
CUST-1835,POL-90341634,GJ 63 8252,Private Car Package - Standard,750000,Flagged,9/24/2025,456510
CUST-1836,POL-51901965,TN 27 1474,Private Car Package - Zero Depreciation,550000,Active,1/10/2026,472912
CUST-1837,POL-08979492,KA 67 6303,Private Car Package - Zero Depreciation,1020000,Active,6/7/2026,866941
CUST-1838,POL-53149369,KA 62 7082,Private Car Package - Zero Depreciation,840000,Active,9/21/2026,685848
CUST-1839,POL-34298108,KA 21 8004,Private Car Package - Zero Depreciation,1050000,Active,8/3/2026,993492
CUST-1840,POL-98182614,WB 90 5307,Private Car Package - Standard,750000,Active,1/3/2026,658865
CUST-1841,POL-49244009,MH 44 2689,Private Car Package - Zero Depreciation,770000,Active,1/14/2026,653293
CUST-1842,POL-28478056,RJ 15 7650,Private Car Package - Zero Depreciation,1050000,Active,2/2/2026,963182
CUST-1843,POL-58744926,RJ 64 0972,Private Car Package - Zero Depreciation,595000,Flagged,4/16/2025,375734
CUST-1844,POL-65465889,AP 86 5626,Private Car Package - Standard,600000,Active,9/27/2025,600000
CUST-1845,POL-32210550,RJ 76 2206,Private Car Package - Zero Depreciation,1050000,Active,1/10/2026,932717
CUST-1846,POL-48636373,GJ 30 3138,Private Car Package - Zero Depreciation,489999,Active,1/21/2026,489999
CUST-1847,POL-61159159,DL 91 2986,Private Car Package - Zero Depreciation,770000,Active,5/14/2026,728803
CUST-1848,POL-22122215,MP 81 5588,Private Car Package - Zero Depreciation,489999,Active,3/27/2026,308688
CUST-1849,POL-75902911,RJ 28 0990,Private Car Package - Zero Depreciation,489999,Active,10/15/2025,489999
CUST-1850,POL-83562016,MP 57 4563,Private Car Package - Zero Depreciation,1050000,Active,5/2/2025,857577
CUST-1851,POL-52096359,KA 37 8586,Private Car Package - Standard,550000,Flagged,5/9/2026,229619
CUST-1852,POL-35601881,HR 46 1699,Private Car Package - Zero Depreciation,770000,Active,10/25/2026,692186
CUST-1853,POL-44112953,UP 28 4141,Private Car Package - Zero Depreciation,1275000,Active,8/30/2026,1105353
CUST-1854,POL-20937262,TS 05 1682,Private Car Package - Standard,350000,Flagged,2/27/2025,249883
CUST-1855,POL-67604024,KL 59 8558,Private Car Package - Zero Depreciation,1050000,Active,2/20/2026,1050000
CUST-1856,POL-33307013,HR 91 3841,Private Car Package - Standard,350000,Active,11/9/2026,350000
CUST-1857,POL-47536377,PB 90 9250,Private Car Package - Zero Depreciation,1050000,Active,4/28/2026,1050000
CUST-1858,POL-72923970,DL 08 4359,Private Car Package - Standard,750000,Active,5/27/2025,603779
CUST-1859,POL-26382715,UP 36 5483,Private Car Package - Zero Depreciation,840000,Active,4/10/2026,724862
CUST-1860,POL-60534888,WB 63 5053,Private Car Package - Zero Depreciation,489999,Active,1/30/2026,489999
CUST-1861,POL-47746018,GJ 68 2485,Private Car Package - Zero Depreciation,489999,Active,12/2/2026,429566
CUST-1862,POL-72920432,KA 82 9624,Private Car Package - Zero Depreciation,489999,Flagged,9/7/2026,290952
CUST-1863,POL-07331140,TS 40 2247,Private Car Package - Zero Depreciation,595000,Active,9/10/2026,529984
CUST-1864,POL-78413956,HR 17 8801,Private Car Package - Zero Depreciation,770000,Active,1/15/2026,770000
CUST-1865,POL-06840344,HR 29 7157,Private Car Package - Zero Depreciation,770000,Active,1/26/2026,705195
CUST-1866,POL-96874694,DL 22 4749,Private Car Package - Zero Depreciation,489999,Flagged,5/4/2026,353588
CUST-1867,POL-07800189,AP 91 9189,Private Car Package - Zero Depreciation,489999,Active,2/23/2026,407125
CUST-1868,POL-38175014,WB 52 8355,Private Car Package - Zero Depreciation,350000,Active,1/8/2025,350000
CUST-1869,POL-23591145,TN 76 5032,Private Car Package - Zero Depreciation,489999,Active,11/2/2026,372986
CUST-1870,POL-45594170,WB 69 1497,Private Car Package - Zero Depreciation,840000,Flagged,6/8/2025,572126
CUST-1871,POL-11240577,MP 60 4903,Private Car Package - Zero Depreciation,840000,Active,7/3/2026,840000
CUST-1872,POL-98015841,GJ 52 5359,Private Car Package - Zero Depreciation,600000,Active,11/28/2026,600000
CUST-1873,POL-32888290,KL 03 8020,Private Car Package - Zero Depreciation,770000,Active,5/10/2026,672448
CUST-1874,POL-30651493,DL 89 5586,Private Car Package - Zero Depreciation,770000,Active,8/15/2026,631526
CUST-1875,POL-09029325,RJ 49 8934,Private Car Package - Standard,750000,Flagged,8/24/2025,443934
CUST-1876,POL-94660976,RJ 96 3053,Private Car Package - Zero Depreciation,1275000,Active,2/15/2026,1190354
CUST-1877,POL-70273755,PB 69 7285,Private Car Package - Zero Depreciation,489999,Flagged,4/4/2025,402728
CUST-1878,POL-28553452,DL 50 8962,Private Car Package - Zero Depreciation,935000,Active,8/16/2025,665741
CUST-1879,POL-16496763,AP 87 5990,Private Car Package - Standard,350000,Active,9/21/2026,307466
CUST-1880,POL-70033776,MH 05 4519,Private Car Package - Zero Depreciation,600000,Flagged,2/28/2025,429164
CUST-1881,POL-41613909,MH 16 1000,Private Car Package - Zero Depreciation,770000,Active,11/4/2026,699304
CUST-1882,POL-86817850,RJ 45 5183,Private Car Package - Zero Depreciation,1275000,Active,9/6/2026,1275000
CUST-1883,POL-76502478,TN 16 0515,Private Car Package - Zero Depreciation,750000,Active,1/4/2026,600246
CUST-1884,POL-50809129,HR 65 4640,Private Car Package - Standard,350000,Active,10/10/2025,313497
CUST-1885,POL-68531196,KL 77 4785,Private Car Package - Zero Depreciation,600000,Flagged,8/24/2026,306575
CUST-1886,POL-02878712,KL 45 0316,Private Car Package - Standard,350000,Flagged,4/3/2025,261394
CUST-1887,POL-07951251,DL 25 9369,Private Car Package - Zero Depreciation,840000,Active,8/20/2025,746650
CUST-1888,POL-62847407,RJ 35 6348,Private Car Package - Standard,550000,Active,1/5/2025,493723
CUST-1889,POL-26180988,AP 45 7996,Private Car Package - Zero Depreciation,770000,Active,7/27/2026,770000
CUST-1890,POL-08907219,HR 25 4984,Private Car Package - Zero Depreciation,840000,Active,6/10/2026,515311
CUST-1891,POL-62086968,HR 88 6622,Private Car Package - Zero Depreciation,600000,Active,7/31/2026,563083
CUST-1892,POL-55702419,PB 23 5902,Private Car Package - Standard,600000,Active,11/29/2026,530960
CUST-1893,POL-79242621,MH 87 3042,Private Car Package - Zero Depreciation,489999,Active,9/22/2025,489999
CUST-1894,POL-91822905,RJ 49 2015,Private Car Package - Zero Depreciation,750000,Active,11/20/2025,686357
CUST-1895,POL-06711000,DL 21 7206,Private Car Package - Zero Depreciation,350000,Active,9/27/2025,350000
CUST-1896,POL-72884540,KA 70 2246,Private Car Package - Zero Depreciation,489999,Flagged,3/19/2025,345610
CUST-1897,POL-18332867,KL 69 7397,Private Car Package - Zero Depreciation,770000,Active,8/11/2026,657526
CUST-1898,POL-08542552,MP 70 0491,Private Car Package - Zero Depreciation,1050000,Active,8/29/2025,740938
CUST-1899,POL-12259146,MH 79 6440,Private Car Package - Zero Depreciation,840000,Active,7/27/2025,840000
CUST-1900,POL-45859558,MH 04 1918,Private Car Package - Zero Depreciation,840000,Active,5/3/2025,608363
CUST-1901,POL-53675272,GJ 74 2817,Private Car Package - Zero Depreciation,550000,Active,2/13/2025,466185
CUST-1902,POL-64247788,RJ 95 3215,Private Car Package - Zero Depreciation,840000,Active,8/12/2026,840000
CUST-1903,POL-14682038,WB 99 6566,Private Car Package - Standard,750000,Flagged,10/14/2025,461943
CUST-1904,POL-92392097,TN 83 8476,Private Car Package - Zero Depreciation,1275000,Active,3/10/2026,1275000
CUST-1905,POL-96919996,TN 41 9255,Private Car Package - Zero Depreciation,489999,Active,6/28/2025,428993
CUST-1906,POL-86738399,PB 96 3190,Private Car Package - Zero Depreciation,770000,Active,1/9/2025,770000
CUST-1907,POL-27211413,AP 31 3397,Private Car Package - Zero Depreciation,1050000,Active,4/14/2025,1050000
CUST-1908,POL-23917950,DL 58 8405,Private Car Package - Zero Depreciation,840000,Active,8/31/2025,703671
CUST-1909,POL-22131160,HR 40 6021,Private Car Package - Zero Depreciation,840000,Active,3/11/2026,733598
CUST-1910,POL-38379428,RJ 14 9290,Private Car Package - Zero Depreciation,840000,Active,2/15/2026,840000
CUST-1911,POL-29989252,TS 43 6096,Private Car Package - Zero Depreciation,1050000,Active,8/13/2026,1050000
CUST-1912,POL-37263205,WB 83 3740,Private Car Package - Standard,350000,Active,7/23/2026,288435
CUST-1913,POL-96040238,TS 58 7831,Private Car Package - Zero Depreciation,1050000,Active,6/3/2025,1050000
CUST-1914,POL-36200554,TS 93 1937,Private Car Package - Zero Depreciation,1050000,Active,5/18/2025,1050000
CUST-1915,POL-69443951,TN 89 7547,Private Car Package - Standard,600000,Active,9/14/2025,560830
CUST-1916,POL-20176638,RJ 76 7198,Private Car Package - Zero Depreciation,489999,Active,3/3/2025,403560
CUST-1917,POL-45881462,AP 80 4816,Private Car Package - Standard,550000,Active,4/6/2026,448921
CUST-1918,POL-72367587,HR 80 0756,Private Car Package - Zero Depreciation,840000,Active,7/25/2026,513053
CUST-1919,POL-48538006,HR 71 7759,Private Car Package - Zero Depreciation,489999,Active,12/26/2025,489999
CUST-1920,POL-56789962,AP 39 9404,Private Car Package - Zero Depreciation,750000,Active,6/28/2025,532640
CUST-1921,POL-65657704,TN 60 2771,Private Car Package - Zero Depreciation,840000,Active,5/15/2026,776964
CUST-1922,POL-67705884,KL 17 1332,Private Car Package - Zero Depreciation,489999,Flagged,4/20/2026,257966
CUST-1923,POL-84177484,TS 79 1632,Private Car Package - Zero Depreciation,750000,Active,12/12/2025,750000
CUST-1924,POL-95151575,KL 78 6705,Private Car Package - Standard,550000,Active,3/23/2025,435592
CUST-1925,POL-30733723,MH 19 5878,Private Car Package - Zero Depreciation,1050000,Active,10/1/2025,800825
CUST-1926,POL-49062344,GJ 57 4616,Private Car Package - Zero Depreciation,770000,Active,4/1/2026,770000
CUST-1927,POL-63947504,PB 72 6109,Private Car Package - Zero Depreciation,770000,Active,1/24/2025,725453
CUST-1928,POL-45504522,RJ 39 0869,Private Car Package - Standard,600000,Active,8/4/2025,386938
CUST-1929,POL-62976787,RJ 75 7419,Private Car Package - Zero Depreciation,595000,Active,4/30/2026,595000
CUST-1930,POL-53816633,UP 74 5149,Private Car Package - Standard,350000,Active,3/27/2025,292348
CUST-1931,POL-98662358,GJ 92 3586,Private Car Package - Zero Depreciation,1275000,Active,11/13/2025,1095251
CUST-1932,POL-03018088,MH 66 2694,Private Car Package - Zero Depreciation,840000,Active,5/15/2025,593503
CUST-1933,POL-96525824,WB 30 9237,Private Car Package - Zero Depreciation,595000,Active,11/30/2025,547471
CUST-1934,POL-20601659,TS 21 5401,Private Car Package - Zero Depreciation,840000,Active,7/7/2026,751659
CUST-1935,POL-04527954,UP 22 0305,Private Car Package - Zero Depreciation,550000,Active,10/14/2026,550000
CUST-1936,POL-63112764,DL 67 7003,Private Car Package - Standard,600000,Active,5/9/2026,600000
CUST-1937,POL-47919072,TS 75 1085,Private Car Package - Zero Depreciation,489999,Active,2/27/2026,404092
CUST-1938,POL-62255156,GJ 54 0553,Private Car Package - Zero Depreciation,1020000,Active,6/20/2026,1020000
CUST-1939,POL-93659237,PB 82 0650,Private Car Package - Zero Depreciation,840000,Active,1/9/2025,795565
CUST-1940,POL-59490791,RJ 44 9854,Private Car Package - Zero Depreciation,770000,Active,3/17/2026,770000
CUST-1941,POL-78430617,RJ 65 3054,Private Car Package - Standard,750000,Active,1/18/2026,667018
CUST-1942,POL-82766478,UP 68 5416,Private Car Package - Zero Depreciation,770000,Active,10/24/2026,585795
CUST-1943,POL-65943563,PB 56 6067,Private Car Package - Zero Depreciation,1050000,Flagged,10/3/2026,526790
CUST-1944,POL-31956718,WB 93 0790,Private Car Package - Zero Depreciation,840000,Flagged,10/3/2025,707594
CUST-1945,POL-35942583,KA 24 4950,Private Car Package - Zero Depreciation,489999,Active,4/24/2025,401959
CUST-1946,POL-74159948,TS 51 3612,Private Car Package - Zero Depreciation,770000,Active,9/30/2026,770000
CUST-1947,POL-61002989,GJ 55 4906,Private Car Package - Zero Depreciation,1020000,Active,2/20/2025,1020000
CUST-1948,POL-87607846,UP 35 0885,Private Car Package - Standard,750000,Active,10/3/2025,591359
CUST-1949,POL-04077296,KA 11 3792,Private Car Package - Zero Depreciation,489999,Active,6/4/2025,489999
CUST-1950,POL-43668169,KA 09 3913,Private Car Package - Zero Depreciation,1050000,Active,11/16/2025,1050000
CUST-1951,POL-94506042,PB 05 5182,Private Car Package - Zero Depreciation,550000,Flagged,12/5/2025,245107
CUST-1952,POL-65829545,PB 89 2132,Private Car Package - Zero Depreciation,489999,Active,3/15/2025,382493
CUST-1953,POL-99569414,TS 87 2554,Private Car Package - Zero Depreciation,1050000,Active,1/26/2026,961553
CUST-1954,POL-31363871,TN 09 9610,Private Car Package - Zero Depreciation,1050000,Active,3/30/2026,1050000
CUST-1955,POL-28361391,MH 18 6254,Private Car Package - Zero Depreciation,1050000,Active,6/18/2026,926779
CUST-1956,POL-86722311,UP 46 3004,Private Car Package - Zero Depreciation,770000,Flagged,11/27/2025,285584
CUST-1957,POL-93124693,AP 76 1057,Private Car Package - Standard,350000,Active,7/17/2026,350000
CUST-1958,POL-75935940,TS 43 8196,Private Car Package - Zero Depreciation,840000,Active,11/2/2025,840000
CUST-1959,POL-71183174,HR 85 2183,Private Car Package - Standard,350000,Active,8/12/2025,350000
CUST-1960,POL-23936357,HR 98 6878,Private Car Package - Zero Depreciation,770000,Active,10/10/2025,659052
CUST-1961,POL-53880385,RJ 25 8176,Private Car Package - Standard,550000,Active,2/13/2025,383769
CUST-1962,POL-96819164,KA 40 4420,Private Car Package - Zero Depreciation,550000,Active,6/8/2025,550000
CUST-1963,POL-38200554,MP 91 7673,Private Car Package - Zero Depreciation,1050000,Active,9/26/2026,796954
CUST-1964,POL-12854257,KA 23 3328,Private Car Package - Zero Depreciation,595000,Active,7/4/2026,509207
CUST-1965,POL-58838267,RJ 94 3476,Private Car Package - Zero Depreciation,770000,Active,7/26/2026,770000
CUST-1966,POL-24811635,DL 90 8254,Private Car Package - Standard,550000,Active,1/22/2026,511423
CUST-1967,POL-58909499,KL 74 8670,Private Car Package - Standard,600000,Active,3/25/2026,449892
CUST-1968,POL-10922977,TN 21 9861,Private Car Package - Zero Depreciation,770000,Active,7/11/2026,699772
CUST-1969,POL-16346344,DL 31 4863,Private Car Package - Zero Depreciation,770000,Active,7/22/2026,593020
CUST-1970,POL-70099401,MP 76 4153,Private Car Package - Zero Depreciation,1050000,Active,9/27/2025,1050000
CUST-1971,POL-87554371,KL 54 8088,Private Car Package - Zero Depreciation,935000,Active,10/16/2026,935000
CUST-1972,POL-80485474,KL 96 5511,Private Car Package - Standard,750000,Active,1/8/2026,706878
CUST-1973,POL-51978548,UP 97 5729,Private Car Package - Zero Depreciation,1050000,Flagged,11/6/2026,234806
CUST-1974,POL-96929451,DL 70 5969,Private Car Package - Zero Depreciation,1050000,Active,5/25/2026,1050000
CUST-1975,POL-85925329,KA 29 2468,Private Car Package - Zero Depreciation,750000,Flagged,2/24/2026,316690
CUST-1976,POL-76444053,AP 56 1031,Private Car Package - Zero Depreciation,595000,Active,2/14/2025,509706
CUST-1977,POL-93875548,KA 99 4992,Private Car Package - Zero Depreciation,489999,Active,7/16/2025,407244
CUST-1978,POL-77149179,MP 36 4772,Private Car Package - Zero Depreciation,550000,Flagged,10/1/2026,148935
CUST-1979,POL-01699319,GJ 88 8653,Private Car Package - Zero Depreciation,1020000,Active,9/13/2026,870986
CUST-1980,POL-66106639,MH 33 3170,Private Car Package - Standard,350000,Active,11/3/2026,302834
CUST-1981,POL-40113423,PB 65 7099,Private Car Package - Standard,550000,Active,1/5/2026,493509
CUST-1982,POL-16254585,KA 02 7459,Private Car Package - Standard,600000,Active,9/24/2026,425815
CUST-1983,POL-62281184,AP 25 8160,Private Car Package - Standard,350000,Active,11/8/2025,350000
CUST-1984,POL-35371530,AP 21 1065,Private Car Package - Zero Depreciation,595000,Active,6/29/2026,500200
CUST-1985,POL-08790834,KL 21 4295,Private Car Package - Zero Depreciation,1050000,Active,9/12/2025,1050000
CUST-1986,POL-55044074,MH 16 4984,Private Car Package - Zero Depreciation,1050000,Active,3/2/2026,921760
CUST-1987,POL-47091959,KL 09 0451,Private Car Package - Zero Depreciation,600000,Active,4/17/2025,544001
CUST-1988,POL-64097948,WB 16 6068,Private Car Package - Zero Depreciation,770000,Flagged,7/1/2026,390811
CUST-1989,POL-19777299,PB 24 3486,Private Car Package - Standard,600000,Active,11/29/2025,502117
CUST-1990,POL-19718619,KA 09 4691,Private Car Package - Standard,550000,Flagged,9/16/2026,272582
CUST-1991,POL-88068291,TS 95 3379,Private Car Package - Zero Depreciation,1050000,Active,7/18/2026,1050000
CUST-1992,POL-55847036,KL 25 9399,Private Car Package - Standard,600000,Active,2/11/2026,510904
CUST-1993,POL-21238048,WB 66 0048,Private Car Package - Zero Depreciation,600000,Active,6/15/2026,600000
CUST-1994,POL-98997420,MH 59 8970,Private Car Package - Zero Depreciation,489999,Active,8/16/2025,489999
CUST-1995,POL-54270484,KL 66 8629,Private Car Package - Standard,350000,Active,7/21/2026,305938
CUST-1996,POL-54753761,AP 07 7574,Private Car Package - Zero Depreciation,1275000,Active,4/17/2026,1275000
CUST-1997,POL-26001664,GJ 22 9682,Private Car Package - Zero Depreciation,1050000,Active,8/20/2026,1050000
CUST-1998,POL-21178002,RJ 36 9806,Private Car Package - Standard,600000,Active,4/5/2025,600000
CUST-1999,POL-08146207,RJ 54 3350,Private Car Package - Standard,750000,Active,11/29/2025,750000
CUST-2000,POL-19549263,DL 82 7527,Private Car Package - Standard,550000,Active,4/8/2025,444088
